sample_name,rundate,doc_mg_l,tdn_mg_l,npoc_flag,tdn_flag,Event,Plot,Grid,Timepoint,Pool_Timepoint,date,time,datetime,plot,Group
TMP_C_F4_20220518,20220527,8.13,0.47,NA,NA,TMP,C,F4,NA,NA,2022-05-18,11:59:00,2022-05-18T18:59:00Z,Control,2022-05-01
TMP_C_H6_20220518,20220527,13.92,0.47,NA,NA,TMP,C,H6,NA,NA,2022-05-18,11:59:00,2022-05-18T18:59:00Z,Control,2022-05-01
TMP_C_D5_20220518,20220527,18.36,0.66,NA,NA,TMP,C,D5,NA,NA,2022-05-18,11:59:00,2022-05-18T18:59:00Z,Control,2022-05-01
TMP_FW_C3_20220518,20220527,7.01,0.33,NA,NA,TMP,FW,C3,NA,NA,2022-05-18,11:59:00,2022-05-18T18:59:00Z,Freshwater,2022-05-01
TMP_FW_H6_20220520,20220527,9.03,0.45,NA,NA,TMP,FW,H6,NA,NA,2022-05-20,11:59:00,2022-05-20T18:59:00Z,Freshwater,2022-05-01
TMP_FW_E3_20220518,20220527,13.84,0.6,NA,NA,TMP,FW,E3,NA,NA,2022-05-18,11:59:00,2022-05-18T18:59:00Z,Freshwater,2022-05-01
TMP_SW_20220523_POOL,20220601,13.01,0.51,pooled sample,pooled sample,TMP,SW,POOL,NA,NA,2022-05-23,11:59:00,2022-05-23T18:59:00Z,Estuarine-water,2022-05-01
TMP_FW_20220523_POOL,20220601,9.16,0.5,pooled sample,pooled sample,TMP,FW,POOL,NA,NA,2022-05-23,11:59:00,2022-05-23T18:59:00Z,Freshwater,2022-05-01
TMP_C_20220523_POOL,20220601,12.65,0.64,pooled sample,pooled sample,TMP,C,POOL,NA,NA,2022-05-23,11:59:00,2022-05-23T18:59:00Z,Control,2022-05-01
TMP_C_PW_H6_15cm_20220615,20220629,17.41,0.66,NA,NA,TMP,C,H6,T0,NA,2022-06-15,11:59:00,2022-06-15T18:59:00Z,Control,2022-06-15
TMP_C_SW_F6_15cm_20220615,20220629,13.77,0.57,NA,NA,TMP,C,F6,T0,NA,2022-06-15,11:59:00,2022-06-15T18:59:00Z,Control,2022-06-15
TMP_FW_PW_H3_15cm_20220615,20220629,5.06,0.28,NA,blank is ≥ 25% of sample value,TMP,FW,H3,T0,NA,2022-06-15,11:59:00,2022-06-15T18:59:00Z,Freshwater,2022-06-15
TMP_C_PW_H3_15cm_20220615,20220629,21.45,0.59,NA,NA,TMP,C,H3,T0,NA,2022-06-15,11:59:00,2022-06-15T18:59:00Z,Control,2022-06-15
TMP_SW_PW_C6_15cm_20220615,20220629,21.12,0.97,NA,NA,TMP,SW,C6,T0,NA,2022-06-15,11:59:00,2022-06-15T18:59:00Z,Estuarine-water,2022-06-15
TMP_FW_H6_T0,20220629,14.41,0.54,NA,NA,TMP,FW,H6,T0,NA,2022-06-20,10:15:00,2022-06-20T17:15:00Z,Freshwater,2022-06-20
TMP_FW_C6_T0,20220629,8.27,0.36,NA,blank is ≥ 25% of sample value,TMP,FW,C6,T0,NA,2022-06-20,10:15:00,2022-06-20T17:15:00Z,Freshwater,2022-06-20
TMP_FW_I5_T0,20220629,15.67,0.7,NA,NA,TMP,FW,I5,T0,NA,2022-06-20,10:15:00,2022-06-20T17:15:00Z,Freshwater,2022-06-20
TMP_C_POOL_T0,20220629,15.94,0.66,pooled sample,pooled sample,TMP,C,POOL,T0,NA,2022-06-20,09:36:00,2022-06-20T16:36:00Z,Control,2022-06-20
TMP_SW_C3_T1,20220629,15.5,0.93,NA,NA,TMP,SW,C3,T1,NA,2022-06-22,12:47:00,2022-06-22T19:47:00Z,Estuarine-water,2022-06-22
TMP_SW_H6_T1,20220629,7.25,0.37,NA,blank is ≥ 25% of sample value,TMP,SW,H6,T1,NA,2022-06-22,12:47:00,2022-06-22T19:47:00Z,Estuarine-water,2022-06-22
TMP_SW_B4_T1,20220629,11.37,0.48,NA,NA,TMP,SW,B4,T1,NA,2022-06-22,12:47:00,2022-06-22T19:47:00Z,Estuarine-water,2022-06-22
TMP_FW_F4_T1,20220701,10.45,0.49,NA,NA,TMP,FW,F4,T1,NA,2022-06-22,12:45:00,2022-06-22T19:45:00Z,Freshwater,2022-06-22
TMP_SW_E3_T1,20220701,4.9,0.44,NA,NA,TMP,SW,E3,T1,NA,2022-06-22,12:47:00,2022-06-22T19:47:00Z,Estuarine-water,2022-06-22
TMP_FW_I5_T1,20220701,26.89,0.42,NA,NA,TMP,FW,I5,T1,NA,2022-06-22,12:45:00,2022-06-22T19:45:00Z,Freshwater,2022-06-22
TMP_FW_C6_T1,20220701,1.27,0.08,blank is ≥ 25% of sample value,blank is ≥ 25% of sample value,TMP,FW,C6,T1,NA,2022-06-22,12:45:00,2022-06-22T19:45:00Z,Freshwater,2022-06-22
TMP_FW_C3_T1,20220701,5.54,0.18,NA,blank is ≥ 25% of sample value,TMP,FW,C3,T1,NA,2022-06-22,12:45:00,2022-06-22T19:45:00Z,Freshwater,2022-06-22
TMP_FW_H3_T1,20220701,5.62,0.24,NA,blank is ≥ 25% of sample value,TMP,FW,H3,T1,NA,2022-06-22,12:45:00,2022-06-22T19:45:00Z,Freshwater,2022-06-22
TMP_FW_D5_T1,20220701,4.67,0.16,NA,blank is ≥ 25% of sample value,TMP,FW,D5,T1,NA,2022-06-22,12:45:00,2022-06-22T19:45:00Z,Freshwater,2022-06-22
TMP_FW_H3_T2,20220701,4.86,0.21,NA,blank is ≥ 25% of sample value,TMP,FW,H3,T2,NA,2022-06-22,16:14:00,2022-06-22T23:14:00Z,Freshwater,2022-06-22
TMP_FW_F6_T2,20220701,7.4,0.26,NA,blank is ≥ 25% of sample value,TMP,FW,F6,T2,NA,2022-06-22,16:14:00,2022-06-22T23:14:00Z,Freshwater,2022-06-22
TMP_FW_F4_T2,20220701,8.13,0.27,NA,blank is ≥ 25% of sample value,TMP,FW,F4,T2,NA,2022-06-22,16:14:00,2022-06-22T23:14:00Z,Freshwater,2022-06-22
TMP_FW_E3_T2,20220701,6.74,0.23,NA,blank is ≥ 25% of sample value,TMP,FW,E3,T2,NA,2022-06-22,16:14:00,2022-06-22T23:14:00Z,Freshwater,2022-06-22
TMP_FW_H6_T2,20220701,2.81,0.08,NA,blank is ≥ 25% of sample value,TMP,FW,H6,T2,NA,2022-06-22,16:14:00,2022-06-22T23:14:00Z,Freshwater,2022-06-22
TMP_FW_C3_T2,20220701,9.72,0.25,NA,blank is ≥ 25% of sample value,TMP,FW,C3,T2,NA,2022-06-22,16:14:00,2022-06-22T23:14:00Z,Freshwater,2022-06-22
TMP_FW_I5_T2,20220701,18.61,0.3,NA,NA,TMP,FW,I5,T2,NA,2022-06-22,16:14:00,2022-06-22T23:14:00Z,Freshwater,2022-06-22
TMP_SW_B4_T2,20220701,7.3,0.47,NA,NA,TMP,SW,B4,T2,NA,2022-06-22,16:14:00,2022-06-22T23:14:00Z,Estuarine-water,2022-06-22
TMP_SW_I5_T2,20220701,11.85,1.25,NA,NA,TMP,SW,I5,T2,NA,2022-06-22,16:14:00,2022-06-22T23:14:00Z,Estuarine-water,2022-06-22
TMP_SW_D5_T2,20220701,4.66,0.4,NA,NA,TMP,SW,D5,T2,NA,2022-06-22,16:14:00,2022-06-22T23:14:00Z,Estuarine-water,2022-06-22
TMP_SW_F6_T2,20220701,5.09,0.36,NA,NA,TMP,SW,F6,T2,NA,2022-06-22,16:14:00,2022-06-22T23:14:00Z,Estuarine-water,2022-06-22
TMP_SW_F4_T2,20220701,10.66,0.53,NA,NA,TMP,SW,F4,T2,NA,2022-06-22,16:14:00,2022-06-22T23:14:00Z,Estuarine-water,2022-06-22
TMP_SW_H3_T2,20220701,6.53,0.57,NA,NA,TMP,SW,H3,T2,NA,2022-06-22,16:14:00,2022-06-22T23:14:00Z,Estuarine-water,2022-06-22
TMP_SW_E3_T2,20220701,2.78,0.17,NA,blank is ≥ 25% of sample value,TMP,SW,E3,T2,NA,2022-06-22,16:14:00,2022-06-22T23:14:00Z,Estuarine-water,2022-06-22
TMP_SW_C3_T2,20220701,8.48,0.5,NA,NA,TMP,SW,C3,T2,NA,2022-06-22,16:14:00,2022-06-22T23:14:00Z,Estuarine-water,2022-06-22
TMP_C_C6_T3,20220701,24.39,0.72,NA,NA,TMP,C,C6,T3,NA,2022-06-23,09:38:00,2022-06-23T16:38:00Z,Control,2022-06-23
TMP_FW_POOL_T3,20220701,13.54,0.35,pooled sample,pooled sample,TMP,FW,POOL,T3,NA,2022-06-23,09:38:00,2022-06-23T16:38:00Z,Freshwater,2022-06-23
TMP_FW_H3_T3,20220701,10.23,0.3,NA,NA,TMP,FW,H3,T3,NA,2022-06-23,09:38:00,2022-06-23T16:38:00Z,Freshwater,2022-06-23
TMP_FW_F4_T3,20220701,9.6,0.32,NA,NA,TMP,FW,F4,T3,NA,2022-06-23,09:38:00,2022-06-23T16:38:00Z,Freshwater,2022-06-23
TMP_C_H6_T3,20220708,20.74,0.62,NA,NA,TMP,C,H6,T3,NA,2022-06-23,09:38:00,2022-06-23T16:38:00Z,Control,2022-06-23
TMP_C_I5_T3,20220708,22.93,0.67,NA,NA,TMP,C,I5,T3,NA,2022-06-23,09:38:00,2022-06-23T16:38:00Z,Control,2022-06-23
TMP_SW_B4_T3,20220708,9.22,0.52,NA,NA,TMP,SW,B4,T3,NA,2022-06-23,09:41:00,2022-06-23T16:41:00Z,Estuarine-water,2022-06-23
TMP_FW_H6_T3,20220708,10.03,0.35,NA,NA,TMP,FW,H6,T3,NA,2022-06-23,09:38:00,2022-06-23T16:38:00Z,Freshwater,2022-06-23
TMP_SW_C3_T3,20220708,13.23,1.19,NA,NA,TMP,SW,C3,T3,NA,2022-06-23,09:41:00,2022-06-23T16:41:00Z,Estuarine-water,2022-06-23
TMP_C_B4_T3,20220708,11.82,0.37,NA,NA,TMP,C,B4,T3,NA,2022-06-23,09:38:00,2022-06-23T16:38:00Z,Control,2022-06-23
TMP_FW_C6_T3,20220708,8.39,0.34,NA,NA,TMP,FW,C6,T3,NA,2022-06-23,09:38:00,2022-06-23T16:38:00Z,Freshwater,2022-06-23
TMP_FW_C3_T3,20220708,13.79,0.43,NA,NA,TMP,FW,C3,T3,NA,2022-06-23,09:38:00,2022-06-23T16:38:00Z,Freshwater,2022-06-23
TMP_FW_E3_T3,20220708,7.32,0.27,NA,NA,TMP,FW,E3,T3,NA,2022-06-23,09:38:00,2022-06-23T16:38:00Z,Freshwater,2022-06-23
TMP_FW_B4_T3,20220708,7.87,0.33,NA,NA,TMP,FW,B4,T3,NA,2022-06-23,09:38:00,2022-06-23T16:38:00Z,Freshwater,2022-06-23
TMP_SW_H6_T3,20220708,7.4,0.39,NA,NA,TMP,SW,H6,T3,NA,2022-06-23,09:41:00,2022-06-23T16:41:00Z,Estuarine-water,2022-06-23
TMP_SW_POOL_T3,20220708,9.17,0.84,pooled sample,pooled sample,TMP,SW,POOL,T3,NA,2022-06-23,09:41:00,2022-06-23T16:41:00Z,Estuarine-water,2022-06-23
TMP_FW_I5_T4,20220708,14.52,0.54,NA,NA,TMP,FW,I5,T4,NA,2022-06-24,12:16:00,2022-06-24T19:16:00Z,Freshwater,2022-06-24
TMP_SW_E3_T3,20220708,6.41,0.41,NA,NA,TMP,SW,E3,T3,NA,2022-06-23,09:41:00,2022-06-23T16:41:00Z,Estuarine-water,2022-06-23
TMP_FW_POOL_T4,20220708,11.12,0.46,pooled sample,pooled sample,TMP,FW,POOL,T4,NA,2022-06-24,12:16:00,2022-06-24T19:16:00Z,Freshwater,2022-06-24
TMP_C_I5_T4,20220708,26.29,1.45,NA,NA,TMP,C,I5,T4,NA,2022-06-24,12:00:00,2022-06-24T19:00:00Z,Control,2022-06-24
TMP_C_POOL_T4,20220708,20.64,0.85,pooled sample,pooled sample,TMP,C,POOL,T4,NA,2022-06-24,12:00:00,2022-06-24T19:00:00Z,Control,2022-06-24
TMP_SW_POOL_T4,20220708,9.76,0.74,pooled sample,pooled sample,TMP,SW,POOL,T4,NA,2022-06-24,12:15:00,2022-06-24T19:15:00Z,Estuarine-water,2022-06-24
TMP_SW_D5_T3,20220708,8.04,0.82,NA,NA,TMP,SW,D5,T3,NA,2022-06-23,09:41:00,2022-06-23T16:41:00Z,Estuarine-water,2022-06-23
TMP_SW_F6_T3,20220708,5.3,0.52,NA,NA,TMP,SW,F6,T3,NA,2022-06-23,09:41:00,2022-06-23T16:41:00Z,Estuarine-water,2022-06-23
TMP_C_D5_T4,20220708,19.76,0.56,NA,NA,TMP,C,D5,T4,NA,2022-06-24,12:00:00,2022-06-24T19:00:00Z,Control,2022-06-24
TMP_FW_H3_T4,20220708,9.86,0.37,NA,NA,TMP,FW,H3,T4,NA,2022-06-24,12:16:00,2022-06-24T19:16:00Z,Freshwater,2022-06-24
TMP_SW_B4_T4,20220708,8.94,0.52,NA,NA,TMP,SW,B4,T4,NA,2022-06-24,12:15:00,2022-06-24T19:15:00Z,Estuarine-water,2022-06-24
TMP_SW_F4_T4,20220708,14.84,0.64,NA,NA,TMP,SW,F4,T4,NA,2022-06-24,12:15:00,2022-06-24T19:15:00Z,Estuarine-water,2022-06-24
TMP_SW_I5_T3,20220708,15.07,1.9,NA,NA,TMP,SW,I5,T3,NA,2022-06-23,09:41:00,2022-06-23T16:41:00Z,Estuarine-water,2022-06-23
TMP_C_E3_T4,20220708,11.68,0.72,NA,NA,TMP,C,E3,T4,NA,2022-06-24,12:00:00,2022-06-24T19:00:00Z,Control,2022-06-24
TMP_FW_C3_T4,20220708,18.09,1,NA,NA,TMP,FW,C3,T4,NA,2022-06-24,12:16:00,2022-06-24T19:16:00Z,Freshwater,2022-06-24
TMP_SW_E3_T4,20220708,7.79,0.46,NA,NA,TMP,SW,E3,T4,NA,2022-06-24,12:15:00,2022-06-24T19:15:00Z,Estuarine-water,2022-06-24
TMP_SW_D5_T4,20220708,11.09,0.78,NA,NA,TMP,SW,D5,T4,NA,2022-06-24,12:15:00,2022-06-24T19:15:00Z,Estuarine-water,2022-06-24
TMP_SW_H6_T4,20220708,10.3,0.71,NA,NA,TMP,SW,H6,T4,NA,2022-06-24,12:15:00,2022-06-24T19:15:00Z,Estuarine-water,2022-06-24
TMP_FW_F4_T4,20220708,11.22,0.49,NA,NA,TMP,FW,F4,T4,NA,2022-06-24,12:16:00,2022-06-24T19:16:00Z,Freshwater,2022-06-24
TMP_FW_F6_T4,20220708,13.74,0.56,NA,NA,TMP,FW,F6,T4,NA,2022-06-24,12:16:00,2022-06-24T19:16:00Z,Freshwater,2022-06-24
TMP_SW_H3_T4,20220708,5.83,0.49,NA,NA,TMP,SW,H3,T4,NA,2022-06-24,12:15:00,2022-06-24T19:15:00Z,Estuarine-water,2022-06-24
TMP_FW_C6_T4,20220708,7.03,0.31,NA,NA,TMP,FW,C6,T4,NA,2022-06-24,12:16:00,2022-06-24T19:16:00Z,Freshwater,2022-06-24
TMP_SW_I5_T4,20220708,15.9,1.5,NA,NA,TMP,SW,I5,T4,NA,2022-06-24,12:15:00,2022-06-24T19:15:00Z,Estuarine-water,2022-06-24
TMP_FW_H6_T4,20220708,10.37,0.42,NA,NA,TMP,FW,H6,T4,NA,2022-06-24,12:16:00,2022-06-24T19:16:00Z,Freshwater,2022-06-24
TMP_C_F6_T4,20220708,19.97,0.75,NA,NA,TMP,C,F6,T4,NA,2022-06-24,12:00:00,2022-06-24T19:00:00Z,Control,2022-06-24
TMP_FW_D5_T4,20220708,8.09,0.28,NA,NA,TMP,FW,D5,T4,NA,2022-06-24,12:16:00,2022-06-24T19:16:00Z,Freshwater,2022-06-24
TMP_C_H6_T4,20220708,21.31,0.77,NA,NA,TMP,C,H6,T4,NA,2022-06-24,12:00:00,2022-06-24T19:00:00Z,Control,2022-06-24
TMP_SW_C6_T4,20220708,10.46,0.84,NA,NA,TMP,SW,C6,T4,NA,2022-06-24,12:15:00,2022-06-24T19:15:00Z,Estuarine-water,2022-06-24
TMP_FW_B4_T4,20220711,9.79,0.36,NA,NA,TMP,FW,B4,T4,NA,2022-06-24,12:16:00,2022-06-24T19:16:00Z,Freshwater,2022-06-24
TMP_C_H3_T4,20220711,22.94,0.82,NA,NA,TMP,C,H3,T4,NA,2022-06-24,12:00:00,2022-06-24T19:00:00Z,Control,2022-06-24
TMP_FW_E3_T4,20220711,10.51,0.36,NA,NA,TMP,FW,E3,T4,NA,2022-06-24,12:16:00,2022-06-24T19:16:00Z,Freshwater,2022-06-24
TMP_SW_C3_T4,20220711,14.34,1.36,NA,NA,TMP,SW,C3,T4,NA,2022-06-24,12:15:00,2022-06-24T19:15:00Z,Estuarine-water,2022-06-24
TMP_SW_F6_T4,20220711,5.81,0.39,NA,NA,TMP,SW,F6,T4,NA,2022-06-24,12:15:00,2022-06-24T19:15:00Z,Estuarine-water,2022-06-24
TMP_C_C6_20220718,20220729,12.69,1.44,NA,NA,TMP,C,C6,T5,NA,2022-07-18,13:00:00,2022-07-18T20:00:00Z,Control,2022-07-01
TMP_C_H3_20220718,20220729,20.08,0.51,NA,NA,TMP,C,H3,T5,NA,2022-07-18,13:00:00,2022-07-18T20:00:00Z,Control,2022-07-01
TMP_C_H6_20220721,20220729,16.28,1.15,NA,NA,TMP,C,H6,T5,NA,2022-07-21,12:00:00,2022-07-21T19:00:00Z,Control,2022-07-01
TMP_C_B4_20220718,20220729,7.55,0.23,NA,NA,TMP,C,B4,T5,NA,2022-07-18,13:00:00,2022-07-18T20:00:00Z,Control,2022-07-01
TMP_C_D5_20220721,20220729,8.83,0.46,NA,NA,TMP,C,D5,T5,NA,2022-07-21,12:00:00,2022-07-21T19:00:00Z,Control,2022-07-01
TMP_C_F6_20220721,20220729,16.45,0.81,NA,NA,TMP,C,F6,T5,NA,2022-07-21,12:00:00,2022-07-21T19:00:00Z,Control,2022-07-01
TMP_C_I5_20220718,20220729,18.21,0.74,NA,NA,TMP,C,I5,T5,NA,2022-07-18,11:59:00,2022-07-18T18:59:00Z,Control,2022-07-01
TMP_FW_C6_20220718,20220729,7.21,0.23,NA,NA,TMP,FW,C6,T5,NA,2022-07-18,11:15:00,2022-07-18T18:15:00Z,Freshwater,2022-07-01
TMP_FW_H6_20220718,20220729,11.01,0.46,NA,NA,TMP,FW,H6,T5,NA,2022-07-18,11:15:00,2022-07-18T18:15:00Z,Freshwater,2022-07-01
TMP_FW_B4_20220718,20220729,11.88,1.07,NA,NA,TMP,FW,B4,T5,NA,2022-07-18,11:59:00,2022-07-18T18:59:00Z,Freshwater,2022-07-01
TMP_FW_D5_20220718,20220729,12.17,1.27,NA,NA,TMP,FW,D5,T5,NA,2022-07-18,11:15:00,2022-07-18T18:15:00Z,Freshwater,2022-07-01
TMP_FW_E3_20220718,20220729,9.61,0.79,NA,NA,TMP,FW,E3,T5,NA,2022-07-18,11:15:00,2022-07-18T18:15:00Z,Freshwater,2022-07-01
TMP_FW_I5_20220718,20220729,14.7,0.57,NA,NA,TMP,FW,I5,T5,NA,2022-07-18,11:15:00,2022-07-18T18:15:00Z,Freshwater,2022-07-01
TMP_SW_C3_20220718,20220729,9.15,0.47,NA,NA,TMP,SW,C3,T5,NA,2022-07-18,12:05:00,2022-07-18T19:05:00Z,Estuarine-water,2022-07-01
TMP_SW_C6_20220718,20220729,19.29,5.07,NA,value above cal curve,TMP,SW,C6,T5,NA,2022-07-18,12:05:00,2022-07-18T19:05:00Z,Estuarine-water,2022-07-01
TMP_SW_F4_20220718,20220729,7.66,0.62,NA,NA,TMP,SW,F4,T5,NA,2022-07-18,12:05:00,2022-07-18T19:05:00Z,Estuarine-water,2022-07-01
TMP_SW_B4_20220718,20220729,21.99,0.7,NA,NA,TMP,SW,B4,T5,NA,2022-07-18,12:05:00,2022-07-18T19:05:00Z,Estuarine-water,2022-07-01
TMP_SW_D5_20220718,20220729,6.11,0.44,NA,NA,TMP,SW,D5,T5,NA,2022-07-18,12:05:00,2022-07-18T19:05:00Z,Estuarine-water,2022-07-01
TMP_SW_F6_20220718,20220729,4.94,0.41,NA,NA,TMP,SW,F6,T5,NA,2022-07-18,12:05:00,2022-07-18T19:05:00Z,Estuarine-water,2022-07-01
TMP_SW_I5_20220718,20220729,15.02,1.07,NA,NA,TMP,SW,I5,T5,NA,2022-07-18,12:05:00,2022-07-18T19:05:00Z,Estuarine-water,2022-07-01
TMP_C_H3_20220808,20220819,20.09,0.61,NA,NA,TMP,C,H3,NA,NA,2022-08-08,15:00:00,2022-08-08T22:00:00Z,Control,2022-08-01
TMP_C_H6_20220808,20220819,15.89,0.58,NA,NA,TMP,C,H6,NA,NA,2022-08-08,15:00:00,2022-08-08T22:00:00Z,Control,2022-08-01
TMP_C_B4_20220808,20220819,10.61,0.45,NA,NA,TMP,C,B4,NA,NA,2022-08-08,15:00:00,2022-08-08T22:00:00Z,Control,2022-08-01
TMP_C_D5_20220808,20220819,11.37,0.41,NA,NA,TMP,C,D5,NA,NA,2022-08-08,15:00:00,2022-08-08T22:00:00Z,Control,2022-08-01
TMP_C_E3_20220808,20220819,12.71,0.93,NA,NA,TMP,C,E3,NA,NA,2022-08-08,15:00:00,2022-08-08T22:00:00Z,Control,2022-08-01
TMP_C_F6_20220808,20220819,15.7,0.5,NA,NA,TMP,C,F6,NA,NA,2022-08-08,15:00:00,2022-08-08T22:00:00Z,Control,2022-08-01
TMP_C_I5_20220808,20220819,23.39,0.71,NA,NA,TMP,C,I5,NA,NA,2022-08-08,15:00:00,2022-08-08T22:00:00Z,Control,2022-08-01
TMP_C_C3_20220808,20220819,16.66,0.49,NA,NA,TMP,C,C3,NA,NA,2022-08-08,15:00:00,2022-08-08T22:00:00Z,Control,2022-08-01
TMP_C_C6_20220808,20220819,13.45,1.73,NA,NA,TMP,C,C6,NA,NA,2022-08-08,15:00:00,2022-08-08T22:00:00Z,Control,2022-08-01
TMP_C_F4_20220808,20220819,14.43,0.59,NA,NA,TMP,C,F4,NA,NA,2022-08-08,15:00:00,2022-08-08T22:00:00Z,Control,2022-08-01
TMP_FW_C3_20220808,20220819,14.84,0.53,NA,NA,TMP,FW,C3,NA,NA,2022-08-08,12:50:00,2022-08-08T19:50:00Z,Freshwater,2022-08-01
TMP_FW_C6_20220808,20220819,9.31,0.41,NA,NA,TMP,FW,C6,NA,NA,2022-08-08,12:50:00,2022-08-08T19:50:00Z,Freshwater,2022-08-01
TMP_FW_F4_20220808,20220819,14.67,0.73,NA,NA,TMP,FW,F4,NA,NA,2022-08-08,12:50:00,2022-08-08T19:50:00Z,Freshwater,2022-08-01
TMP_FW_H3_20220808,20220819,11.59,0.46,NA,NA,TMP,FW,H3,NA,NA,2022-08-08,12:50:00,2022-08-08T19:50:00Z,Freshwater,2022-08-01
TMP_FW_H6_20220808,20220819,14.9,1.9,NA,NA,TMP,FW,H6,NA,NA,2022-08-08,12:50:00,2022-08-08T19:50:00Z,Freshwater,2022-08-01
TMP_FW_B4_20220808,20220819,12.08,0.49,NA,NA,TMP,FW,B4,NA,NA,2022-08-08,12:50:00,2022-08-08T19:50:00Z,Freshwater,2022-08-01
TMP_FW_D5_20220808,20220819,18.81,0.75,NA,NA,TMP,FW,D5,NA,NA,2022-08-08,12:50:00,2022-08-08T19:50:00Z,Freshwater,2022-08-01
TMP_FW_E3_20220808,20220819,10.3,0.54,NA,NA,TMP,FW,E3,NA,NA,2022-08-08,12:50:00,2022-08-08T19:50:00Z,Freshwater,2022-08-01
TMP_FW_I5_20220808,20220819,16.38,0.6,NA,NA,TMP,FW,I5,NA,NA,2022-08-08,12:50:00,2022-08-08T19:50:00Z,Freshwater,2022-08-01
TMP_C_POOL_20220808,20220819,15.2,0.67,pooled sample,pooled sample,TMP,C,POOL,NA,NA,2022-08-08,11:59:00,2022-08-08T18:59:00Z,Control,2022-08-01
TMP_SW_F4_20220808,20220819,33.7,1.19,NA,NA,TMP,SW,F4,NA,NA,2022-08-08,13:56:00,2022-08-08T20:56:00Z,Estuarine-water,2022-08-01
TMP_SW_H6_20220808,20220819,38.01,1.29,NA,NA,TMP,SW,H6,NA,NA,2022-08-08,13:56:00,2022-08-08T20:56:00Z,Estuarine-water,2022-08-01
TMP_SW_B4_20220808,20220819,84.9,1.95,NA,NA,TMP,SW,B4,NA,NA,2022-08-08,13:56:00,2022-08-08T20:56:00Z,Estuarine-water,2022-08-01
TMP_SW_D5_20220808,20220819,24.83,1.11,NA,NA,TMP,SW,D5,NA,NA,2022-08-08,13:56:00,2022-08-08T20:56:00Z,Estuarine-water,2022-08-01
TMP_SW_F6_20220808,20220819,12.87,0.66,NA,NA,TMP,SW,F6,NA,NA,2022-08-08,13:56:00,2022-08-08T20:56:00Z,Estuarine-water,2022-08-01
TMP_SW_I5_20220808,20220819,20.27,0.82,NA,NA,TMP,SW,I5,NA,NA,2022-08-08,13:56:00,2022-08-08T20:56:00Z,Estuarine-water,2022-08-01
TMP_SW_C3_20220808,20220819,16.19,0.6,NA,NA,TMP,SW,C3,NA,NA,2022-08-08,13:56:00,2022-08-08T20:56:00Z,Estuarine-water,2022-08-01
TMP_SW_POOL_20220808,20220819,29.48,1,pooled sample,pooled sample,TMP,SW,POOL,NA,NA,2022-08-08,11:59:00,2022-08-08T18:59:00Z,Estuarine-water,2022-08-01
TMP_FW_POOL_20220808,20220819,11.74,0.68,pooled sample,pooled sample,TMP,FW,POOL,NA,NA,2022-08-08,11:59:00,2022-08-08T18:59:00Z,Freshwater,2022-08-01
TMP_SW_E3_20220808,20220819,18.85,0.73,NA,NA,TMP,SW,E3,NA,NA,2022-08-08,11:59:00,2022-08-08T18:59:00Z,Estuarine-water,2022-08-01
TMP_C_D5_20220915,20220922,11.13,0.6,NA,NA,TMP,C,D5,NA,NA,2022-09-15,11:00:00,2022-09-15T18:00:00Z,Control,2022-09-01
TMP_C_H6_20220912,20220922,25,0.84,NA,NA,TMP,C,H6,NA,NA,2022-09-12,10:35:00,2022-09-12T17:35:00Z,Control,2022-09-01
TMP_C_H3_20220915,20220922,23.46,3.27,NA,value above cal curve,TMP,C,H3,NA,NA,2022-09-15,11:00:00,2022-09-15T18:00:00Z,Control,2022-09-01
TMP_C_C6_20220912,20220922,17.31,0.59,NA,NA,TMP,C,C6,NA,NA,2022-09-12,10:35:00,2022-09-12T17:35:00Z,Control,2022-09-01
TMP_C_I5_20220915,20220922,15.9,0.49,NA,NA,TMP,C,I5,NA,NA,2022-09-15,11:00:00,2022-09-15T18:00:00Z,Control,2022-09-01
TMP_C_E3_20220912,20220922,11.21,0.52,NA,NA,TMP,C,E3,NA,NA,2022-09-12,10:35:00,2022-09-12T17:35:00Z,Control,2022-09-01
TMP_C_POOL_20220912,20220922,18.37,1.16,pooled sample,pooled sample,TMP,C,POOL,NA,20220912_20220915,2022-09-12,11:59:00,2022-09-12T18:59:00Z,Control,2022-09-01
TMP_FW_I5_20220915,20220922,22.43,0.8,NA,NA,TMP,FW,I5,NA,NA,2022-09-15,12:48:00,2022-09-15T19:48:00Z,Freshwater,2022-09-01
TMP_FW_E3_20220915,20220922,8.16,0.4,NA,NA,TMP,FW,E3,NA,NA,2022-09-15,12:48:00,2022-09-15T19:48:00Z,Freshwater,2022-09-01
TMP_FW_H6_20220912,20220922,20.45,0.79,NA,NA,TMP,FW,H6,NA,NA,2022-09-12,12:07:00,2022-09-12T19:07:00Z,Freshwater,2022-09-01
TMP_FW_C3_20220915,20220922,21.35,0.72,NA,NA,TMP,FW,C3,NA,NA,2022-09-15,12:48:00,2022-09-15T19:48:00Z,Freshwater,2022-09-01
TMP_FW_C6_20220915,20220922,8.6,0.37,NA,NA,TMP,FW,C6,NA,NA,2022-09-15,12:48:00,2022-09-15T19:48:00Z,Freshwater,2022-09-01
TMP_FW_F6_20220915,20220922,16.19,0.76,NA,NA,TMP,FW,F6,NA,NA,2022-09-15,12:48:00,2022-09-15T19:48:00Z,Freshwater,2022-09-01
TMP_FW_B4_20220915,20220922,16.62,2.87,NA,NA,TMP,FW,B4,NA,NA,2022-09-15,12:48:00,2022-09-15T19:48:00Z,Freshwater,2022-09-01
TMP_FW_F4_20220915,20220922,13.3,0.75,NA,NA,TMP,FW,F4,NA,NA,2022-09-15,11:59:00,2022-09-15T18:59:00Z,Freshwater,2022-09-01
TMP_FW_I5_20220912,20220922,23.83,1.16,NA,NA,TMP,FW,I5,NA,NA,2022-09-12,12:07:00,2022-09-12T19:07:00Z,Freshwater,2022-09-01
TMP_FW_D5_20220915,20220922,17.36,0.57,NA,NA,TMP,FW,D5,NA,NA,2022-09-15,12:48:00,2022-09-15T19:48:00Z,Freshwater,2022-09-01
TMP_FW_POOL_20220912,20220922,17.39,1.07,pooled sample,pooled sample,TMP,FW,POOL,NA,20220912_20220915,2022-09-12,11:59:00,2022-09-12T18:59:00Z,Freshwater,2022-09-01
TMP_SW_H3_20220915,20220922,86.81,2.78,NA,NA,TMP,SW,H3,NA,NA,2022-09-15,11:58:00,2022-09-15T18:58:00Z,Estuarine-water,2022-09-01
TMP_SW_B4_20220912,20220922,75.62,1.8,NA,NA,TMP,SW,B4,NA,NA,2022-09-12,11:20:00,2022-09-12T18:20:00Z,Estuarine-water,2022-09-01
TMP_SW_C3_20220915,20220922,21.94,3.06,NA,value above cal curve,TMP,SW,C3,NA,NA,2022-09-15,11:58:00,2022-09-15T18:58:00Z,Estuarine-water,2022-09-01
TMP_SW_C6_20220915,20220922,54.58,1.84,NA,NA,TMP,SW,C6,NA,NA,2022-09-15,11:58:00,2022-09-15T18:58:00Z,Estuarine-water,2022-09-01
TMP_SW_F6_20220912,20220922,13.25,0.61,NA,NA,TMP,SW,F6,NA,NA,2022-09-12,11:20:00,2022-09-12T18:20:00Z,Estuarine-water,2022-09-01
TMP_SW_E3_20220915,20220922,26.22,0.97,NA,NA,TMP,SW,E3,NA,NA,2022-09-15,11:58:00,2022-09-15T18:58:00Z,Estuarine-water,2022-09-01
TMP_SW_H6_20220915,20220922,45.66,1.45,NA,NA,TMP,SW,H6,NA,NA,2022-09-15,11:58:00,2022-09-15T18:58:00Z,Estuarine-water,2022-09-01
TMP_SW_POOL_20220912,20220922,54.12,2.84,pooled sample,pooled sample,TMP,SW,POOL,NA,20220912_20220915,2022-09-12,11:59:00,2022-09-12T18:59:00Z,Estuarine-water,2022-09-01
TMP_C_H3_20221019,20221025,19.4,0.59,NA,NA,TMP,C,H3,NA,NA,2022-10-19,16:57:00,2022-10-19T23:57:00Z,Control,2022-10-01
TMP_C_H6_20221019,20221025,15.72,0.5,NA,NA,TMP,C,H6,NA,NA,2022-10-19,16:57:00,2022-10-19T23:57:00Z,Control,2022-10-01
TMP_C_D5_20221019,20221025,6.9,0.24,NA,NA,TMP,C,D5,NA,NA,2022-10-19,16:57:00,2022-10-19T23:57:00Z,Control,2022-10-01
TMP_C_E3_20221019,20221025,10.2,0.31,NA,NA,TMP,C,E3,NA,NA,2022-10-19,16:57:00,2022-10-19T23:57:00Z,Control,2022-10-01
TMP_C_F6_20221019,20221025,12.13,0.38,NA,NA,TMP,C,F6,NA,NA,2022-10-19,16:57:00,2022-10-19T23:57:00Z,Control,2022-10-01
TMP_C_I5_20221019,20221025,14.79,0.39,NA,NA,TMP,C,I5,NA,NA,2022-10-19,16:57:00,2022-10-19T23:57:00Z,Control,2022-10-01
TMP_C_C6_20221019,20221025,11.49,0.38,NA,NA,TMP,C,C6,NA,NA,2022-10-19,11:59:00,2022-10-19T18:59:00Z,Control,2022-10-01
TMP_FW_C3_20221019,20221025,12.5,0.38,NA,NA,TMP,FW,C3,NA,NA,2022-10-19,15:39:00,2022-10-19T22:39:00Z,Freshwater,2022-10-01
TMP_FW_C6_20221019,20221025,11.44,0.32,NA,NA,TMP,FW,C6,NA,NA,2022-10-19,15:39:00,2022-10-19T22:39:00Z,Freshwater,2022-10-01
TMP_FW_H3_20221019,20221025,11.76,0.5,NA,NA,TMP,FW,H3,NA,NA,2022-10-19,15:39:00,2022-10-19T22:39:00Z,Freshwater,2022-10-01
TMP_FW_H6_20221019,20221025,15.04,0.56,NA,NA,TMP,FW,H6,NA,NA,2022-10-19,15:39:00,2022-10-19T22:39:00Z,Freshwater,2022-10-01
TMP_FW_B4_20221019,20221025,13.23,0.38,NA,NA,TMP,FW,B4,NA,NA,2022-10-19,15:39:00,2022-10-19T22:39:00Z,Freshwater,2022-10-01
TMP_FW_D5_20221019,20221025,15.08,0.48,NA,NA,TMP,FW,D5,NA,NA,2022-10-19,15:39:00,2022-10-19T22:39:00Z,Freshwater,2022-10-01
TMP_FW_E3_20221019,20221025,10.08,0.35,NA,NA,TMP,FW,E3,NA,NA,2022-10-19,15:39:00,2022-10-19T22:39:00Z,Freshwater,2022-10-01
TMP_FW_I5_20221019,20221025,21.68,0.86,NA,NA,TMP,FW,I5,NA,NA,2022-10-19,15:39:00,2022-10-19T22:39:00Z,Freshwater,2022-10-01
TMP_SW_C3_20221019,20221025,14.76,0.51,NA,NA,TMP,SW,C3,NA,NA,2022-10-19,16:20:00,2022-10-19T23:20:00Z,Estuarine-water,2022-10-01
TMP_SW_C6_20221019,20221025,45.83,2,NA,NA,TMP,SW,C6,NA,NA,2022-10-19,16:20:00,2022-10-19T23:20:00Z,Estuarine-water,2022-10-01
TMP_SW_H3_20221019,20221025,109.2,4.39,NA,value above cal curve,TMP,SW,H3,NA,NA,2022-10-19,16:20:00,2022-10-19T23:20:00Z,Estuarine-water,2022-10-01
TMP_SW_H6_20221019,20221025,27.6,0.89,NA,NA,TMP,SW,H6,NA,NA,2022-10-19,16:20:00,2022-10-19T23:20:00Z,Estuarine-water,2022-10-01
TMP_SW_B4_20221019,20221025,52.57,1.33,NA,NA,TMP,SW,B4,NA,NA,2022-10-19,16:20:00,2022-10-19T23:20:00Z,Estuarine-water,2022-10-01
TMP_SW_D5_20221019,20221025,37.03,1.04,NA,NA,TMP,SW,D5,NA,NA,2022-10-19,16:20:00,2022-10-19T23:20:00Z,Estuarine-water,2022-10-01
TMP_SW_F6_20221019,20221025,44.55,1.46,NA,NA,TMP,SW,F6,NA,NA,2022-10-19,16:20:00,2022-10-19T23:20:00Z,Estuarine-water,2022-10-01
TMP_C_POOL_20221019,20221025,15.84,0.51,pooled sample,pooled sample,TMP,C,POOL,NA,20221019-20221024,2022-10-19,11:59:00,2022-10-19T18:59:00Z,Control,2022-10-01
TMP_FW_POOL_20221019,20221025,14.93,0.94,pooled sample,pooled sample,TMP,FW,POOL,NA,20221019-20221024,2022-10-19,11:59:00,2022-10-19T18:59:00Z,Freshwater,2022-10-01
TMP_SW_POOL_20221019,20221025,41.95,1.44,pooled sample,pooled sample,TMP,SW,POOL,NA,NA,2022-10-19,11:59:00,2022-10-19T18:59:00Z,Estuarine-water,2022-10-01
TMP_FW_C6_20221201,20221209,9.79,0.81,NA,NA,TMP,FW,C6,NA,NA,2022-12-01,14:49:00,2022-12-01T22:49:00Z,Freshwater,2022-12-01
TMP_FW_C3_20221128,20221209,15.94,0.52,NA,NA,TMP,FW,C3,NA,NA,2022-11-28,15:28:00,2022-11-28T23:28:00Z,Freshwater,2022-11-01
TMP_FW_D5_20221128,20221209,15.13,0.43,NA,NA,TMP,FW,D5,NA,NA,2022-11-28,15:28:00,2022-11-28T23:28:00Z,Freshwater,2022-11-01
TMP_FW_H3_20221128,20221209,9.01,0.34,NA,NA,TMP,FW,H3,NA,NA,2022-11-28,15:28:00,2022-11-28T23:28:00Z,Freshwater,2022-11-01
TMP_FW_I5_20221128,20221209,15.15,0.58,NA,NA,TMP,FW,I5,NA,NA,2022-11-28,15:28:00,2022-11-28T23:28:00Z,Freshwater,2022-11-01
TMP_FW_E3_20221128,20221209,10.03,0.48,NA,NA,TMP,FW,E3,NA,NA,2022-11-28,15:28:00,2022-11-28T23:28:00Z,Freshwater,2022-11-01
TMP_FW_B4_20221128,20221209,12.31,0.6,NA,NA,TMP,FW,B4,NA,NA,2022-11-28,15:28:00,2022-11-28T23:28:00Z,Freshwater,2022-11-01
TMP_FW_H6_20221128,20221209,16.53,0.62,NA,NA,TMP,FW,H6,NA,NA,2022-11-28,15:28:00,2022-11-28T23:28:00Z,Freshwater,2022-11-01
TMP_C_E3_20221128,20221209,8.79,0.32,NA,NA,TMP,C,E3,NA,NA,2022-11-28,12:42:00,2022-11-28T20:42:00Z,Control,2022-11-01
TMP_C_H6_20221128,20221209,15.01,0.46,NA,NA,TMP,C,H6,NA,NA,2022-11-28,12:42:00,2022-11-28T20:42:00Z,Control,2022-11-01
TMP_C_I5_20221128,20221209,15.72,0.47,NA,NA,TMP,C,I5,NA,NA,2022-11-28,12:42:00,2022-11-28T20:42:00Z,Control,2022-11-01
TMP_C_B4_20221128,20221209,7.48,0.24,NA,blank is ≥ 25% of sample value,TMP,C,B4,NA,NA,2022-11-28,12:42:00,2022-11-28T20:42:00Z,Control,2022-11-01
TMP_C_F6_20221128,20221209,14.55,0.42,NA,NA,TMP,C,F6,NA,NA,2022-11-28,12:42:00,2022-11-28T20:42:00Z,Control,2022-11-01
TMP_C_C6_20221128,20221209,8.28,0.28,NA,NA,TMP,C,C6,NA,NA,2022-11-28,12:42:00,2022-11-28T20:42:00Z,Control,2022-11-01
TMP_C_C3_20221201,20221209,16.1,0.46,NA,NA,TMP,C,C3,NA,NA,2022-12-01,12:06:00,2022-12-01T20:06:00Z,Control,2022-12-01
TMP_C_D5_20221128,20221209,7.13,0.32,NA,NA,TMP,C,D5,NA,NA,2022-11-28,12:42:00,2022-11-28T20:42:00Z,Control,2022-11-01
TMP_C_H3_20221128,20221209,19.2,0.81,NA,NA,TMP,C,H3,NA,NA,2022-11-28,12:42:00,2022-11-28T20:42:00Z,Control,2022-11-01
TMP_C_POOL_20221128,20221209,14.49,0.53,pooled sample,pooled sample,TMP,C,POOL,NA,20221128_20221201,2022-11-28,11:59:00,2022-11-28T19:59:00Z,Control,2022-11-01
TMP_FW_POOL_20221128,20221209,14.01,0.48,pooled sample,pooled sample,TMP,FW,POOL,NA,20221128_20221201,2022-11-28,11:59:00,2022-11-28T19:59:00Z,Freshwater,2022-11-01
TMP_SW_POOL_20221128,20221209,43.13,1.25,pooled sample,pooled sample,TMP,SW,POOL,NA,20221128_20221201,2022-11-28,11:59:00,2022-11-28T19:59:00Z,Estuarine-water,2022-11-01
TMP_SW_C6_20221201,20221209,44.24,3.32,NA,NA,TMP,SW,C6,NA,NA,2022-12-01,12:46:00,2022-12-01T20:46:00Z,Estuarine-water,2022-12-01
TMP_SW_E3_20221201,20221209,37.11,1.15,NA,NA,TMP,SW,E3,NA,NA,2022-12-01,12:46:00,2022-12-01T20:46:00Z,Estuarine-water,2022-12-01
TMP_SW_B4_20221128,20221209,65.26,1.49,NA,NA,TMP,SW,B4,NA,NA,2022-11-28,14:02:00,2022-11-28T22:02:00Z,Estuarine-water,2022-11-01
TMP_SW_H6_20221128,20221209,28.31,0.91,NA,NA,TMP,SW,H6,NA,NA,2022-11-28,14:02:00,2022-11-28T22:02:00Z,Estuarine-water,2022-11-01
TMP_SW_C3_20221128,20221209,23.28,0.94,NA,NA,TMP,SW,C3,NA,NA,2022-11-28,14:02:00,2022-11-28T22:02:00Z,Estuarine-water,2022-11-01
TMP_SW_D5_20221128,20221209,43.48,1.24,NA,NA,TMP,SW,D5,NA,NA,2022-11-28,14:02:00,2022-11-28T22:02:00Z,Estuarine-water,2022-11-01
TMP_SW_H3_20221128,20221209,35.85,1.08,NA,NA,TMP,SW,H3,NA,NA,2022-11-28,14:02:00,2022-11-28T22:02:00Z,Estuarine-water,2022-11-01
TMP_SW_F6_20221128,20221209,42.99,1.39,NA,NA,TMP,SW,F6,NA,NA,2022-11-28,14:02:00,2022-11-28T22:02:00Z,Estuarine-water,2022-11-01
TMP_C_C6_20230202,20230209,8.27,0.27,NA,NA,TMP,C,C6,NA,NA,2023-02-02,11:17:00,2023-02-02T19:17:00Z,Control,2023-02-01
TMP_C_H3_20230206,20230209,14.7,0.42,NA,NA,TMP,C,H3,NA,NA,2023-02-06,10:35:00,2023-02-06T18:35:00Z,Control,2023-02-01
TMP_C_H6_20230202,20230209,11.4,0.39,NA,NA,TMP,C,H6,NA,NA,2023-02-02,11:17:00,2023-02-02T19:17:00Z,Control,2023-02-01
TMP_C_D5_20230202,20230209,7.77,0.29,NA,NA,TMP,C,D5,NA,NA,2023-02-02,11:17:00,2023-02-02T19:17:00Z,Control,2023-02-01
TMP_C_E3_20230202,20230209,8.63,0.3,NA,NA,TMP,C,E3,NA,NA,2023-02-02,11:17:00,2023-02-02T19:17:00Z,Control,2023-02-01
TMP_C_F6_20230202,20230209,14.28,0.47,NA,NA,TMP,C,F6,NA,NA,2023-02-02,11:17:00,2023-02-02T19:17:00Z,Control,2023-02-01
TMP_C_I5_20230202,20230209,14.91,0.41,NA,NA,TMP,C,I5,NA,NA,2023-02-02,11:17:00,2023-02-02T19:17:00Z,Control,2023-02-01
TMP_C_POOL_20230202,20230209,12.26,0.42,pooled sample,pooled sample,TMP,C,POOL,NA,NA,2023-02-02,11:59:00,2023-02-02T19:59:00Z,Control,2023-02-01
TMP_FW_C3_20230202,20230209,12.3,0.48,NA,NA,TMP,FW,C3,NA,NA,2023-02-02,15:30:00,2023-02-02T23:30:00Z,Freshwater,2023-02-01
TMP_FW_C6_20230202,20230209,7.2,0.39,NA,NA,TMP,FW,C6,NA,NA,2023-02-02,15:30:00,2023-02-02T23:30:00Z,Freshwater,2023-02-01
TMP_FW_H3_20230202,20230209,8.89,0.34,NA,NA,TMP,FW,H3,NA,NA,2023-02-02,15:30:00,2023-02-02T23:30:00Z,Freshwater,2023-02-01
TMP_FW_H6_20230202,20230209,11.86,1.71,NA,NA,TMP,FW,H6,NA,NA,2023-02-02,15:30:00,2023-02-02T23:30:00Z,Freshwater,2023-02-01
TMP_FW_B4_20230202,20230209,11.29,0.49,NA,NA,TMP,FW,B4,NA,NA,2023-02-02,15:30:00,2023-02-02T23:30:00Z,Freshwater,2023-02-01
TMP_FW_D5_20230202,20230209,10.41,0.35,NA,NA,TMP,FW,D5,NA,NA,2023-02-02,15:30:00,2023-02-02T23:30:00Z,Freshwater,2023-02-01
TMP_FW_E3_20230206,20230209,10.96,1.31,NA,NA,TMP,FW,E3,NA,NA,2023-02-06,11:08:00,2023-02-06T19:08:00Z,Freshwater,2023-02-01
TMP_FW_F6_20230202,20230209,13.77,0.64,NA,NA,TMP,FW,F6,NA,NA,2023-02-02,15:30:00,2023-02-02T23:30:00Z,Freshwater,2023-02-01
TMP_FW_I5_20230202,20230209,13.09,0.58,NA,NA,TMP,FW,I5,NA,NA,2023-02-02,15:30:00,2023-02-02T23:30:00Z,Freshwater,2023-02-01
TMP_FW_POOL_20230202,20230209,10.75,0.71,pooled sample,pooled sample,TMP,FW,POOL,NA,NA,2023-02-02,11:59:00,2023-02-02T19:59:00Z,Freshwater,2023-02-01
TMP_SW_C3_20230202,20230209,45.24,1.47,NA,NA,TMP,SW,C3,NA,NA,2023-02-02,12:30:00,2023-02-02T20:30:00Z,Estuarine-water,2023-02-01
TMP_SW_C6_20230202,20230209,39.86,1.82,NA,NA,TMP,SW,C6,NA,NA,2023-02-02,12:30:00,2023-02-02T20:30:00Z,Estuarine-water,2023-02-01
TMP_SW_F4_20230202,20230209,20.21,1.72,NA,NA,TMP,SW,F4,NA,NA,2023-02-02,12:30:00,2023-02-02T20:30:00Z,Estuarine-water,2023-02-01
TMP_SW_H3_20230206,20230209,24.3,0.95,NA,NA,TMP,SW,H3,NA,NA,2023-02-06,10:55:00,2023-02-06T18:55:00Z,Estuarine-water,2023-02-01
TMP_SW_H6_20230202,20230209,19.65,0.76,NA,NA,TMP,SW,H6,NA,NA,2023-02-02,12:30:00,2023-02-02T20:30:00Z,Estuarine-water,2023-02-01
TMP_SW_B4_20230202,20230209,42.47,1.11,NA,NA,TMP,SW,B4,NA,NA,2023-02-02,12:30:00,2023-02-02T20:30:00Z,Estuarine-water,2023-02-01
TMP_SW_D5_20230202,20230209,52.63,1.54,NA,NA,TMP,SW,D5,NA,NA,2023-02-02,12:30:00,2023-02-02T20:30:00Z,Estuarine-water,2023-02-01
TMP_SW_E3_20230202,20230209,40.1,1.33,NA,NA,TMP,SW,E3,NA,NA,2023-02-02,12:30:00,2023-02-02T20:30:00Z,Estuarine-water,2023-02-01
TMP_SW_F6_20230202,20230209,42.55,1.45,NA,NA,TMP,SW,F6,NA,NA,2023-02-02,12:30:00,2023-02-02T20:30:00Z,Estuarine-water,2023-02-01
TMP_SW_I5_20230206,20230209,85.4,3.13,NA,NA,TMP,SW,I5,NA,NA,2023-02-06,10:55:00,2023-02-06T18:55:00Z,Estuarine-water,2023-02-01
TMP_SW_POOL_20230202,20230209,52.75,1.87,pooled sample,pooled sample,TMP,SW,POOL,NA,NA,2023-02-02,11:59:00,2023-02-02T19:59:00Z,Estuarine-water,2023-02-01
TMP_C_I5_20230417,20230512,15.83,0.82,NA,NA,TMP,C,I5,NA,NA,2023-04-17,08:55:00,2023-04-17T15:55:00Z,Control,2023-04-01
TMP_C_H6_20230417,20230512,12.12,0.47,NA,NA,TMP,C,H6,NA,NA,2023-04-17,09:02:00,2023-04-17T16:02:00Z,Control,2023-04-01
TMP_C_H3_20230417,20230512,17.32,0.73,NA,NA,TMP,C,H3,NA,NA,2023-04-17,08:50:00,2023-04-17T15:50:00Z,Control,2023-04-01
TMP_C_C6_20230417,20230512,8.4,0.34,NA,NA,TMP,C,C6,NA,NA,2023-04-17,09:25:00,2023-04-17T16:25:00Z,Control,2023-04-01
TMP_C_POOL_20230417,20230512,12.18,0.55,pooled sample,pooled sample,TMP,C,POOL,NA,NA,2023-04-17,11:59:00,2023-04-17T18:59:00Z,Control,2023-04-01
TMP_FW_C3_20230417,20230512,13.39,0.59,NA,NA,TMP,FW,C3,NA,NA,2023-04-17,10:55:00,2023-04-17T17:55:00Z,Freshwater,2023-04-01
TMP_FW_H6_20230417,20230512,12.89,0.6,NA,NA,TMP,FW,H6,NA,NA,2023-04-17,11:23:00,2023-04-17T18:23:00Z,Freshwater,2023-04-01
TMP_FW_D5_20230417,20230512,10.7,0.37,NA,NA,TMP,FW,D5,NA,NA,2023-04-17,11:01:00,2023-04-17T18:01:00Z,Freshwater,2023-04-01
TMP_FW_I5_20230417,20230512,12.43,0.47,NA,NA,TMP,FW,I5,NA,NA,2023-04-17,11:17:00,2023-04-17T18:17:00Z,Freshwater,2023-04-01
TMP_FW_H3_20230417,20230512,8.59,0.32,NA,NA,TMP,FW,H3,NA,NA,2023-04-17,11:11:00,2023-04-17T18:11:00Z,Freshwater,2023-04-01
TMP_FW_C6_20230417,20230512,12.22,2.54,NA,NA,TMP,FW,C6,NA,NA,2023-04-17,10:44:00,2023-04-17T17:44:00Z,Freshwater,2023-04-01
TMP_FW_POOL_20230417,20230512,11.14,0.49,pooled sample,pooled sample,TMP,FW,POOL,NA,NA,2023-04-17,11:59:00,2023-04-17T18:59:00Z,Freshwater,2023-04-01
TMP_SW_F6_20230417,20230512,42.05,1.4,NA,NA,TMP,SW,F6,NA,NA,2023-04-17,10:06:00,2023-04-17T17:06:00Z,Estuarine-water,2023-04-01
TMP_SW_C6_20230417,20230512,34.28,1.19,NA,NA,TMP,SW,C6,NA,NA,2023-04-17,09:54:00,2023-04-17T16:54:00Z,Estuarine-water,2023-04-01
TMP_SW_B4_20230417,20230512,49.13,1.19,NA,NA,TMP,SW,B4,NA,NA,2023-04-17,09:49:00,2023-04-17T16:49:00Z,Estuarine-water,2023-04-01
TMP_SW_D5_20230417,20230512,58,1.72,NA,NA,TMP,SW,D5,NA,NA,2023-04-17,10:01:00,2023-04-17T17:01:00Z,Estuarine-water,2023-04-01
TMP_SW_E3_20230417,20230512,42.35,1.35,NA,NA,TMP,SW,E3,NA,NA,2023-04-17,10:16:00,2023-04-17T17:16:00Z,Estuarine-water,2023-04-01
TMP_SW_C3_20230417,20230512,53.19,1.59,NA,NA,TMP,SW,C3,NA,NA,2023-04-17,09:38:00,2023-04-17T16:38:00Z,Estuarine-water,2023-04-01
TMP_SW_H6_20230417,20230512,36.41,1.08,NA,NA,TMP,SW,H6,NA,NA,2023-04-17,11:59:00,2023-04-17T18:59:00Z,Estuarine-water,2023-04-01
TMP_SW_POOL_20230417,20230512,45.66,1.48,pooled sample,pooled sample,TMP,SW,POOL,NA,NA,2023-04-17,11:59:00,2023-04-17T18:59:00Z,Estuarine-water,2023-04-01
TMP_C_I5_20230515,20230531,15.39,0.48,NA,NA,TMP,C,I5,NA,NA,2023-05-15,12:25:00,2023-05-15T19:25:00Z,Control,2023-05-01
TMP_C_F6_20230515,20230531,15.58,0.41,NA,NA,TMP,C,F6,NA,NA,2023-05-15,12:50:00,2023-05-15T19:50:00Z,Control,2023-05-01
TMP_C_E3_20230515,20230531,9.92,0.48,NA,NA,TMP,C,E3,NA,NA,2023-05-15,14:46:00,2023-05-15T21:46:00Z,Control,2023-05-01
TMP_C_C6_20230515,20230531,9.93,0.32,NA,NA,TMP,C,C6,NA,NA,2023-05-15,15:02:00,2023-05-15T22:02:00Z,Control,2023-05-01
TMP_C_H6_20230515,20230531,14.55,0.5,NA,NA,TMP,C,H6,NA,NA,2023-05-15,12:32:00,2023-05-15T19:32:00Z,Control,2023-05-01
TMP_C_H6_20230515,20230531,14.55,0.5,NA,NA,TMP,C,H6,NA,NA,2023-05-15,12:32:00,2023-05-15T19:32:00Z,Control,2023-05-01
TMP_C_POOL_20230515,20230531,21.09,0.72,pooled sample,pooled sample,TMP,C,POOL,NA,NA,2023-05-15,11:59:00,2023-05-15T18:59:00Z,Control,2023-05-01
TMP_FW_B4_20230515,20230531,7.94,0.27,NA,NA,TMP,FW,B4,NA,NA,2023-05-15,16:45:00,2023-05-15T23:45:00Z,Freshwater,2023-05-01
TMP_FW_C6_20230515,20230531,7.45,0.34,NA,NA,TMP,FW,C6,NA,NA,2023-05-15,16:28:00,2023-05-15T23:28:00Z,Freshwater,2023-05-01
TMP_FW_D5_20230515,20230531,11.23,0.35,NA,NA,TMP,FW,D5,NA,NA,2023-05-15,16:37:00,2023-05-15T23:37:00Z,Freshwater,2023-05-01
TMP_FW_D5_20230515,20230531,11.23,0.35,NA,NA,TMP,FW,D5,NA,NA,2023-05-15,16:37:00,2023-05-15T23:37:00Z,Freshwater,2023-05-01
TMP_FW_I5_20230515,20230531,11.96,0.42,NA,NA,TMP,FW,I5,NA,NA,2023-05-15,17:26:00,2023-05-16T00:26:00Z,Freshwater,2023-05-01
TMP_FW_I5_20230515,20230531,11.96,0.42,NA,NA,TMP,FW,I5,NA,NA,2023-05-15,17:26:00,2023-05-16T00:26:00Z,Freshwater,2023-05-01
TMP_FW_E3_20230515,20230531,6.88,0.26,NA,NA,TMP,FW,E3,NA,NA,2023-05-15,13:17:00,2023-05-15T20:17:00Z,Freshwater,2023-05-01
TMP_FW_H6_20230515,20230531,12.36,0.52,NA,NA,TMP,FW,H6,NA,NA,2023-05-15,17:34:00,2023-05-16T00:34:00Z,Freshwater,2023-05-01
TMP_FW_C3_20230515,20230531,7.51,0.29,NA,NA,TMP,FW,C3,NA,NA,2023-05-15,16:55:00,2023-05-15T23:55:00Z,Freshwater,2023-05-01
TMP_FW_H3_20230515,20230531,9.76,0.68,NA,NA,TMP,FW,H3,NA,NA,2023-05-15,17:15:00,2023-05-16T00:15:00Z,Freshwater,2023-05-01
TMP_FW_F6_20230515,20230531,14.77,0.37,NA,NA,TMP,FW,F6,NA,NA,2023-05-15,17:46:00,2023-05-16T00:46:00Z,Freshwater,2023-05-01
TMP_FW_F6_20230515,20230531,14.77,0.37,NA,NA,TMP,FW,F6,NA,NA,2023-05-15,17:46:00,2023-05-16T00:46:00Z,Freshwater,2023-05-01
TMP_FW_POOL_20230515,20230531,10.83,0.44,pooled sample,pooled sample,TMP,FW,POOL,NA,NA,2023-05-15,11:59:00,2023-05-15T18:59:00Z,Freshwater,2023-05-01
TMP_SW_F6_20230515,20230531,50.96,1.67,NA,NA,TMP,SW,F6,NA,NA,2023-05-15,15:59:00,2023-05-15T22:59:00Z,Estuarine-water,2023-05-01
TMP_SW_H3_20230515,20230531,24.18,0.84,NA,NA,TMP,SW,H3,NA,NA,2023-05-15,16:05:00,2023-05-15T23:05:00Z,Estuarine-water,2023-05-01
TMP_SW_B4_20230515,20230531,50.34,2.75,NA,NA,TMP,SW,B4,NA,NA,2023-05-15,15:11:00,2023-05-15T22:11:00Z,Estuarine-water,2023-05-01
TMP_SW_C3_20230515,20230531,53.12,1.41,NA,NA,TMP,SW,C3,NA,NA,2023-05-15,15:37:00,2023-05-15T22:37:00Z,Estuarine-water,2023-05-01
TMP_SW_H6_20230515,20230531,27.36,0.67,NA,NA,TMP,SW,H6,NA,NA,2023-05-15,16:15:00,2023-05-15T23:15:00Z,Estuarine-water,2023-05-01
TMP_SW_POOL_20230515,20230531,45.91,1.5,pooled sample,pooled sample,TMP,SW,POOL,NA,NA,2023-05-15,11:59:00,2023-05-15T18:59:00Z,Estuarine-water,2023-05-01
TMP_C_I5_20230603,20230608,20.45,0.44,NA,NA,TMP,C,I5,NA,NA,2023-06-03,14:00:00,2023-06-03T21:00:00Z,Control,2023-06-03
TMP_C_H6_20230603,20230608,24.67,0.53,NA,NA,TMP,C,H6,NA,NA,2023-06-03,14:15:00,2023-06-03T21:15:00Z,Control,2023-06-03
TMP_C_C6_20230603,20230608,21.48,0.32,NA,NA,TMP,C,C6,NA,NA,2023-06-03,14:41:00,2023-06-03T21:41:00Z,Control,2023-06-03
TMP_FW_D5_20230603,20230608,10.05,0.36,NA,NA,TMP,FW,D5,NA,NA,2023-06-03,15:52:00,2023-06-03T22:52:00Z,Freshwater,2023-06-03
TMP_FW_I5_20230603,20230608,11.05,0.4,NA,NA,TMP,FW,I5,NA,NA,2023-06-03,16:09:00,2023-06-03T23:09:00Z,Freshwater,2023-06-03
TMP_FW_D5_20230605,20230608,5.19,0.2,NA,blank is ≥ 25% of sample value,TMP,FW,D5,NA,NA,2023-06-05,11:59:00,2023-06-05T18:59:00Z,Freshwater,2023-06-05
TMP_SW_B4_20230603,20230608,67.48,1.45,NA,NA,TMP,SW,B4,NA,NA,2023-06-03,15:06:00,2023-06-03T22:06:00Z,Estuarine-water,2023-06-03
TMP_FW_B4_20230606,20230609,5.93,0.67,NA,NA,TMP,FW,B4,NA,NA,2023-06-06,16:30:00,2023-06-06T23:30:00Z,Freshwater,2023-06-06
TMP_FW_H3_20230606,20230609,4.16,0.19,NA,blank is ≥ 25% of sample value,TMP,FW,H3,NA,NA,2023-06-06,18:00:00,2023-06-07T01:00:00Z,Freshwater,2023-06-06
TMP_FW_I5_20230606,20230609,4.44,0.24,NA,blank is ≥ 25% of sample value,TMP,FW,I5,NA,NA,2023-06-06,17:45:00,2023-06-07T00:45:00Z,Freshwater,2023-06-06
TMP_FW_F4_20230606,20230609,5.71,0.28,NA,blank is ≥ 25% of sample value,TMP,FW,F4,NA,NA,2023-06-06,17:16:00,2023-06-07T00:16:00Z,Freshwater,2023-06-06
TMP_FW_D5_20230606,20230609,5.95,0.25,NA,blank is ≥ 25% of sample value,TMP,FW,D5,NA,NA,2023-06-06,16:50:00,2023-06-06T23:50:00Z,Freshwater,2023-06-06
TMP_FW_F4_20230606_0800,20230609,7.44,0.3,NA,NA,TMP,FW,F4,NA,NA,2023-06-06,17:16:00,2023-06-07T00:16:00Z,Freshwater,2023-06-06
TMP_FW_C3_20230607_0800,20230609,6.18,0.31,NA,NA,TMP,FW,C3,NA,NA,2023-06-07,17:34:00,2023-06-08T00:34:00Z,Freshwater,2023-06-07
TMP_FW_C3_20230607_0800,20230609,6.18,0.31,NA,NA,TMP,FW,C3,NA,NA,2023-06-07,09:02:00,2023-06-07T16:02:00Z,Freshwater,2023-06-07
TMP_FW_I5_20230607_0800,20230609,7.46,0.46,NA,NA,TMP,FW,I5,NA,NA,2023-06-07,17:04:00,2023-06-08T00:04:00Z,Freshwater,2023-06-07
TMP_FW_I5_20230607_0800,20230609,7.46,0.46,NA,NA,TMP,FW,I5,NA,NA,2023-06-07,08:01:00,2023-06-07T15:01:00Z,Freshwater,2023-06-07
TMP_FW_H3_20230607_0800,20230609,4.69,0.23,NA,blank is ≥ 25% of sample value,TMP,FW,H3,NA,NA,2023-06-07,16:54:00,2023-06-07T23:54:00Z,Freshwater,2023-06-07
TMP_FW_H3_20230607_0800,20230609,4.69,0.23,NA,blank is ≥ 25% of sample value,TMP,FW,H3,NA,NA,2023-06-07,08:27:00,2023-06-07T15:27:00Z,Freshwater,2023-06-07
TMP_FW_H6_20230607_0800,20230609,8.28,0.41,NA,NA,TMP,FW,H6,NA,NA,2023-06-07,16:43:00,2023-06-07T23:43:00Z,Freshwater,2023-06-07
TMP_FW_H6_20230607_0800,20230609,8.28,0.41,NA,NA,TMP,FW,H6,NA,NA,2023-06-07,08:15:00,2023-06-07T15:15:00Z,Freshwater,2023-06-07
TMP_FW_D5_20230607_0800,20230609,7.08,0.24,NA,blank is ≥ 25% of sample value,TMP,FW,D5,NA,NA,2023-06-07,18:05:00,2023-06-08T01:05:00Z,Freshwater,2023-06-07
TMP_FW_D5_20230607_0800,20230609,7.08,0.24,NA,blank is ≥ 25% of sample value,TMP,FW,D5,NA,NA,2023-06-07,09:21:00,2023-06-07T16:21:00Z,Freshwater,2023-06-07
TMP_FW_D5_20230607_1600,20230609,5.98,0.24,NA,blank is ≥ 25% of sample value,TMP,FW,D5,NA,NA,2023-06-07,18:05:00,2023-06-08T01:05:00Z,Freshwater,2023-06-07
TMP_FW_D5_20230607_1600,20230609,5.98,0.24,NA,blank is ≥ 25% of sample value,TMP,FW,D5,NA,NA,2023-06-07,09:21:00,2023-06-07T16:21:00Z,Freshwater,2023-06-07
TMP_FW_H6_20230607_1600,20230609,8.16,0.54,NA,NA,TMP,FW,H6,NA,NA,2023-06-07,16:43:00,2023-06-07T23:43:00Z,Freshwater,2023-06-07
TMP_FW_H6_20230607_1600,20230609,8.16,0.54,NA,NA,TMP,FW,H6,NA,NA,2023-06-07,08:15:00,2023-06-07T15:15:00Z,Freshwater,2023-06-07
TMP_FW_H3_20230607_1600,20230609,4.17,0.21,NA,blank is ≥ 25% of sample value,TMP,FW,H3,NA,NA,2023-06-07,16:54:00,2023-06-07T23:54:00Z,Freshwater,2023-06-07
TMP_FW_H3_20230607_1600,20230609,4.17,0.21,NA,blank is ≥ 25% of sample value,TMP,FW,H3,NA,NA,2023-06-07,08:27:00,2023-06-07T15:27:00Z,Freshwater,2023-06-07
TMP_FW_I5_20230607_1600,20230609,4.08,0.18,NA,blank is ≥ 25% of sample value,TMP,FW,I5,NA,NA,2023-06-07,17:04:00,2023-06-08T00:04:00Z,Freshwater,2023-06-07
TMP_FW_I5_20230607_1600,20230609,4.08,0.18,NA,blank is ≥ 25% of sample value,TMP,FW,I5,NA,NA,2023-06-07,08:01:00,2023-06-07T15:01:00Z,Freshwater,2023-06-07
TMP_FW_F4_20230607_1600,20230609,4.65,0.2,NA,blank is ≥ 25% of sample value,TMP,FW,F4,NA,NA,2023-06-07,17:54:00,2023-06-08T00:54:00Z,Freshwater,2023-06-07
TMP_FW_F4_20230607_1600,20230609,4.65,0.2,NA,blank is ≥ 25% of sample value,TMP,FW,F4,NA,NA,2023-06-07,08:40:00,2023-06-07T15:40:00Z,Freshwater,2023-06-07
TMP_FW_C3_20230607_1600,20230609,4.51,0.19,NA,blank is ≥ 25% of sample value,TMP,FW,C3,NA,NA,2023-06-07,17:34:00,2023-06-08T00:34:00Z,Freshwater,2023-06-07
TMP_FW_C3_20230607_1600,20230609,4.51,0.19,NA,blank is ≥ 25% of sample value,TMP,FW,C3,NA,NA,2023-06-07,09:02:00,2023-06-07T16:02:00Z,Freshwater,2023-06-07
TMP_FW_B4_20230607_1600,20230609,4.75,0.26,NA,blank is ≥ 25% of sample value,TMP,FW,B4,NA,NA,2023-06-07,17:23:00,2023-06-08T00:23:00Z,Freshwater,2023-06-07
TMP_SW_D5_20230606,20230609,4.14,0.29,NA,NA,TMP,SW,D5,NA,NA,2023-06-06,17:48:00,2023-06-07T00:48:00Z,Estuarine-water,2023-06-06
TMP_SW_E3_20230606,20230609,3.77,0.28,NA,blank is ≥ 25% of sample value,TMP,SW,E3,NA,NA,2023-06-06,16:58:00,2023-06-06T23:58:00Z,Estuarine-water,2023-06-06
TMP_SW_C3_20230606,20230609,8.3,0.4,NA,NA,TMP,SW,C3,NA,NA,2023-06-06,16:19:00,2023-06-06T23:19:00Z,Estuarine-water,2023-06-06
TMP_SW_C3_20230607_0800,20230609,6.15,0.37,NA,NA,TMP,SW,C3,NA,NA,2023-06-07,17:33:00,2023-06-08T00:33:00Z,Estuarine-water,2023-06-07
TMP_SW_C3_20230607_0800,20230609,6.15,0.37,NA,NA,TMP,SW,C3,NA,NA,2023-06-07,08:51:00,2023-06-07T15:51:00Z,Estuarine-water,2023-06-07
TMP_SW_B4_20230607_0800,20230609,4.18,0.29,NA,NA,TMP,SW,B4,NA,NA,2023-06-07,17:23:00,2023-06-08T00:23:00Z,Estuarine-water,2023-06-07
TMP_SW_B4_20230607_0800,20230609,4.18,0.29,NA,NA,TMP,SW,B4,NA,NA,2023-06-07,09:02:00,2023-06-07T16:02:00Z,Estuarine-water,2023-06-07
TMP_SW_D5_20230607_0800,20230609,3.87,0.28,NA,blank is ≥ 25% of sample value,TMP,SW,D5,NA,NA,2023-06-07,17:11:00,2023-06-08T00:11:00Z,Estuarine-water,2023-06-07
TMP_SW_D5_20230607_0800,20230609,3.87,0.28,NA,blank is ≥ 25% of sample value,TMP,SW,D5,NA,NA,2023-06-07,09:25:00,2023-06-07T16:25:00Z,Estuarine-water,2023-06-07
TMP_SW_E3_20230607_0800,20230609,3.82,0.29,NA,NA,TMP,SW,E3,NA,NA,2023-06-07,17:03:00,2023-06-08T00:03:00Z,Estuarine-water,2023-06-07
TMP_SW_E3_20230607_0800,20230609,3.82,0.29,NA,NA,TMP,SW,E3,NA,NA,2023-06-07,08:32:00,2023-06-07T15:32:00Z,Estuarine-water,2023-06-07
TMP_SW_I5_20230607_1600,20230609,11.37,0.72,NA,NA,TMP,SW,I5,NA,NA,2023-06-07,16:45:00,2023-06-07T23:45:00Z,Estuarine-water,2023-06-07
TMP_SW_E3_20230607_1600,20230609,3.79,0.25,NA,blank is ≥ 25% of sample value,TMP,SW,E3,NA,NA,2023-06-07,17:03:00,2023-06-08T00:03:00Z,Estuarine-water,2023-06-07
TMP_SW_E3_20230607_1600,20230609,3.79,0.25,NA,blank is ≥ 25% of sample value,TMP,SW,E3,NA,NA,2023-06-07,08:32:00,2023-06-07T15:32:00Z,Estuarine-water,2023-06-07
TMP_SW_B4_20230607_1600,20230609,4.27,0.36,NA,NA,TMP,SW,B4,NA,NA,2023-06-07,17:23:00,2023-06-08T00:23:00Z,Estuarine-water,2023-06-07
TMP_SW_B4_20230607_1600,20230609,4.27,0.36,NA,NA,TMP,SW,B4,NA,NA,2023-06-07,09:02:00,2023-06-07T16:02:00Z,Estuarine-water,2023-06-07
TMP_SW_C3_20230607_1600,20230609,5.71,0.34,NA,NA,TMP,SW,C3,NA,NA,2023-06-07,17:33:00,2023-06-08T00:33:00Z,Estuarine-water,2023-06-07
TMP_SW_C3_20230607_1600,20230609,5.71,0.34,NA,NA,TMP,SW,C3,NA,NA,2023-06-07,08:51:00,2023-06-07T15:51:00Z,Estuarine-water,2023-06-07
TMP_SW_D5_20230607_1600,20230609,4.04,0.32,NA,NA,TMP,SW,D5,NA,NA,2023-06-07,17:11:00,2023-06-08T00:11:00Z,Estuarine-water,2023-06-07
TMP_SW_D5_20230607_1600,20230609,4.04,0.32,NA,NA,TMP,SW,D5,NA,NA,2023-06-07,09:25:00,2023-06-07T16:25:00Z,Estuarine-water,2023-06-07
TMP_FW_C3_20230608,20230622,4.95,0.27,NA,blank is ≥ 25% of sample value,TMP,FW,C3,NA,NA,2023-06-08,16:13:00,2023-06-08T23:13:00Z,Freshwater,2023-06-08
TMP_FW_I5_20230608,20230622,6.64,0.49,NA,NA,TMP,FW,I5,NA,NA,2023-06-08,15:28:00,2023-06-08T22:28:00Z,Freshwater,2023-06-08
TMP_FW_D5_20230608,20230622,5.88,0.27,NA,blank is ≥ 25% of sample value,TMP,FW,D5,NA,NA,2023-06-08,15:55:00,2023-06-08T22:55:00Z,Freshwater,2023-06-08
TMP_FW_F4_20230608,20230622,5.57,0.28,NA,blank is ≥ 25% of sample value,TMP,FW,F4,NA,NA,2023-06-08,16:32:00,2023-06-08T23:32:00Z,Freshwater,2023-06-08
TMP_FW_H6_20230608,20230622,8.49,0.4,NA,NA,TMP,FW,H6,NA,NA,2023-06-08,15:43:00,2023-06-08T22:43:00Z,Freshwater,2023-06-08
TMP_FW_D5_20230612,20230622,6.77,0.3,NA,blank is ≥ 25% of sample value,TMP,FW,D5,NA,NA,2023-06-12,09:44:00,2023-06-12T16:44:00Z,Freshwater,2023-06-12
TMP_FW_I5_20230612,20230622,8.2,0.39,NA,NA,TMP,FW,I5,NA,NA,2023-06-12,10:09:00,2023-06-12T17:09:00Z,Freshwater,2023-06-12
TMP_FW_POOL_20230608,20230622,6,0.2,pooled sample,pooled sample,TMP,FW,POOL,NA,NA,2023-06-08,11:59:00,2023-06-08T18:59:00Z,Freshwater,2023-06-08
TMP_FW_POOL_20230612,20230622,7.18,0.41,pooled sample,pooled sample,TMP,FW,POOL,NA,NA,2023-06-12,11:59:00,2023-06-12T18:59:00Z,Freshwater,2023-06-12
TMP_FW_POOL_20230607_1600,20230622,4.87,0.31,pooled sample,pooled sample,TMP,FW,POOL,NA,NA,2023-06-07,16:00:00,2023-06-07T23:00:00Z,Freshwater,2023-06-07
TMP_FW_POOL_20230607_0800,20230622,6.91,0.35,pooled sample,pooled sample,TMP,FW,POOL,NA,NA,2023-06-07,08:00:00,2023-06-07T15:00:00Z,Freshwater,2023-06-07
TMP_SW_D5_20230608,20230622,4.2,0.34,NA,blank is ≥ 25% of sample value,TMP,SW,D5,NA,NA,2023-06-08,14:35:00,2023-06-08T21:35:00Z,Estuarine-water,2023-06-08
TMP_SW_H6_20230608,20230622,4.39,0.39,NA,NA,TMP,SW,H6,NA,NA,2023-06-08,13:49:00,2023-06-08T20:49:00Z,Estuarine-water,2023-06-08
TMP_SW_B4_20230608,20230622,5.01,0.37,NA,NA,TMP,SW,B4,NA,NA,2023-06-08,14:15:00,2023-06-08T21:15:00Z,Estuarine-water,2023-06-08
TMP_SW_C3_20230608,20230622,6.32,0.43,NA,NA,TMP,SW,C3,NA,NA,2023-06-08,14:05:00,2023-06-08T21:05:00Z,Estuarine-water,2023-06-08
TMP_SW_E3_20230608,20230622,4.38,0.38,NA,NA,TMP,SW,E3,NA,NA,2023-06-08,13:30:00,2023-06-08T20:30:00Z,Estuarine-water,2023-06-08
TMP_SW_H6_20230612,20230622,5.19,0.42,NA,NA,TMP,SW,H6,NA,NA,2023-06-12,11:59:00,2023-06-12T18:59:00Z,Estuarine-water,2023-06-12
TMP_SW_E3_20230612,20230622,4.12,0.33,NA,blank is ≥ 25% of sample value,TMP,SW,E3,NA,NA,2023-06-12,08:55:00,2023-06-12T15:55:00Z,Estuarine-water,2023-06-12
TMP_SW_POOL_20230607_1600,20230622,5.8,0.49,pooled sample,pooled sample,TMP,SW,POOL,NA,NA,2023-06-07,16:00:00,2023-06-07T23:00:00Z,Estuarine-water,2023-06-07
TMP_SW_POOL_20230607_0800,20230622,5.39,0.39,pooled sample,pooled sample,TMP,SW,POOL,NA,NA,2023-06-07,08:00:00,2023-06-07T15:00:00Z,Estuarine-water,2023-06-07
TMP_SW_POOL_20230608,20230622,5.29,0.37,pooled sample,pooled sample,TMP,SW,POOL,NA,NA,2023-06-08,11:59:00,2023-06-08T18:59:00Z,Estuarine-water,2023-06-08
TMP_SW_POOL_20230608,20230622,8.93,0.43,pooled sample,pooled sample,TMP,SW,POOL,NA,NA,2023-06-08,11:59:00,2023-06-08T18:59:00Z,Estuarine-water,2023-06-08
TMP_C_H6_20230612,20230706,16.2,0.75,NA,NA,TMP,C,H6,NA,NA,2023-06-12,10:22:00,2023-06-12T17:22:00Z,Control,2023-06-12
TMP_FW_I5_20230614,20230706,10.73,0.42,NA,NA,TMP,FW,I5,NA,NA,2023-06-14,15:36:00,2023-06-14T22:36:00Z,Freshwater,2023-06-14
TMP_FW_C3_20230614,20230706,6.84,0.31,NA,NA,TMP,FW,C3,NA,NA,2023-06-14,15:02:00,2023-06-14T22:02:00Z,Freshwater,2023-06-14
TMP_FW_D5_20230614,20230706,8.14,0.35,NA,NA,TMP,FW,D5,NA,NA,2023-06-14,15:13:00,2023-06-14T22:13:00Z,Freshwater,2023-06-14
TMP_FW_I5_20230617,20230706,11.25,0.46,NA,NA,TMP,FW,I5,NA,NA,2023-06-17,12:25:00,2023-06-17T19:25:00Z,Freshwater,2023-06-17
TMP_FW_H6_20230617,20230706,10.84,0.52,NA,NA,TMP,FW,H6,NA,NA,2023-06-17,12:34:00,2023-06-17T19:34:00Z,Freshwater,2023-06-17
TMP_SW_C3_20230614,20230706,7.45,0.64,NA,NA,TMP,SW,C3,NA,NA,2023-06-14,12:01:00,2023-06-14T19:01:00Z,Estuarine-water,2023-06-14
TMP_SW_E3_20230614,20230706,5.14,0.3,NA,NA,TMP,SW,E3,NA,NA,2023-06-14,12:57:00,2023-06-14T19:57:00Z,Estuarine-water,2023-06-14
TMP_SW_H6_20230614,20230706,5.28,0.3,NA,NA,TMP,SW,H6,NA,NA,2023-06-14,13:18:00,2023-06-14T20:18:00Z,Estuarine-water,2023-06-14
TMP_SW_F6_20230614,20230706,4.09,0.34,NA,NA,TMP,SW,F6,NA,NA,2023-06-14,12:42:00,2023-06-14T19:42:00Z,Estuarine-water,2023-06-14
TMP_SW_D5_20230614,20230706,7.68,0.44,NA,NA,TMP,SW,D5,NA,NA,2023-06-14,12:28:00,2023-06-14T19:28:00Z,Estuarine-water,2023-06-14
TMP_SW_B4_20230614,20230706,7.82,0.48,NA,NA,TMP,SW,B4,NA,NA,2023-06-14,12:14:00,2023-06-14T19:14:00Z,Estuarine-water,2023-06-14
TMP_SW_E3_20230617,20230706,5.16,0.33,NA,NA,TMP,SW,E3,NA,NA,2023-06-17,10:57:00,2023-06-17T17:57:00Z,Estuarine-water,2023-06-17
TMP_SW_C3_20230617,20230706,9.14,0.91,NA,NA,TMP,SW,C3,NA,NA,2023-06-17,10:48:00,2023-06-17T17:48:00Z,Estuarine-water,2023-06-17
TMP_SW_B4_20230617,20230706,5.88,0.41,NA,NA,TMP,SW,B4,NA,NA,2023-06-17,11:33:00,2023-06-17T18:33:00Z,Estuarine-water,2023-06-17
TMP_SW_D5_20230617,20230706,4.57,0.35,NA,NA,TMP,SW,D5,NA,NA,2023-06-17,11:22:00,2023-06-17T18:22:00Z,Estuarine-water,2023-06-17
TMP_SW_POOL_20230614,20230706,6.49,0.47,pooled sample,pooled sample,TMP,SW,POOL,NA,NA,2023-06-14,11:59:00,2023-06-14T18:59:00Z,Estuarine-water,2023-06-14
TMP_SW_POOL_20230617,20230706,5,0.35,pooled sample,pooled sample,TMP,SW,POOL,NA,NA,2023-06-17,11:59:00,2023-06-17T18:59:00Z,Estuarine-water,2023-06-17
TMP_C_H6_20230628,20230706,19.3,0.67,NA,NA,TMP,C,H6,NA,NA,2023-06-28,14:54:00,2023-06-28T21:54:00Z,Control,2023-06-28
TMP_C_H3_20230628,20230706,20.53,2.1,NA,NA,TMP,C,H3,NA,NA,2023-06-28,14:33:00,2023-06-28T21:33:00Z,Control,2023-06-28
TMP_C_E3_20230628,20230706,10.14,0.38,NA,NA,TMP,C,E3,NA,NA,2023-06-28,15:48:00,2023-06-28T22:48:00Z,Control,2023-06-28
TMP_C_D5_20230628,20230706,9.77,0.32,NA,NA,TMP,C,D5,NA,NA,2023-06-28,15:12:00,2023-06-28T22:12:00Z,Control,2023-06-28
TMP_C_I5_20230628,20230706,17.09,0.48,NA,NA,TMP,C,I5,NA,NA,2023-06-28,14:40:00,2023-06-28T21:40:00Z,Control,2023-06-28
TMP_C_C3_20230628,20230706,11.68,0.36,NA,NA,TMP,C,C3,NA,NA,2023-06-28,11:59:00,2023-06-28T18:59:00Z,Control,2023-06-28
TMP_C_F6_20230628,20230706,17.37,0.49,NA,NA,TMP,C,F6,NA,NA,2023-06-28,15:04:00,2023-06-28T22:04:00Z,Control,2023-06-28
TMP_C_C6_20230628,20230706,12.88,0.43,NA,NA,TMP,C,C6,NA,NA,2023-06-28,15:24:00,2023-06-28T22:24:00Z,Control,2023-06-28
TMP_C_POOL_20230628,20230706,15.42,0.53,pooled sample,pooled sample,TMP,C,POOL,NA,NA,2023-06-28,11:59:00,2023-06-28T18:59:00Z,Control,2023-06-28
TMP_FW_B4_20230627,20230706,11.69,0.55,NA,NA,TMP,FW,B4,NA,NA,2023-06-27,12:02:00,2023-06-27T19:02:00Z,Freshwater,2023-06-27
TMP_FW_E3_20230627,20230706,7.34,0.35,NA,NA,TMP,FW,E3,NA,NA,2023-06-27,11:30:00,2023-06-27T18:30:00Z,Freshwater,2023-06-27
TMP_FW_F6_20230627,20230706,11.95,0.42,NA,NA,TMP,FW,F6,NA,NA,2023-06-27,11:40:00,2023-06-27T18:40:00Z,Freshwater,2023-06-27
TMP_FW_I5_20230627,20230706,13.21,0.5,NA,NA,TMP,FW,I5,NA,NA,2023-06-27,10:54:00,2023-06-27T17:54:00Z,Freshwater,2023-06-27
TMP_FW_C3_20230627,20230706,11.49,0.4,NA,NA,TMP,FW,C3,NA,NA,2023-06-27,12:11:00,2023-06-27T19:11:00Z,Freshwater,2023-06-27
TMP_FW_H3_20230627,20230706,6.84,0.3,NA,NA,TMP,FW,H3,NA,NA,2023-06-27,11:08:00,2023-06-27T18:08:00Z,Freshwater,2023-06-27
TMP_FW_F4_20230627,20230706,12.19,0.42,NA,NA,TMP,FW,F4,NA,NA,2023-06-27,11:17:00,2023-06-27T18:17:00Z,Freshwater,2023-06-27
TMP_FW_D5_20230627,20230706,13.08,0.36,NA,NA,TMP,FW,D5,NA,NA,2023-06-27,11:49:00,2023-06-27T18:49:00Z,Freshwater,2023-06-27
TMP_FW_POOL_20230627,20230706,11.16,0.44,pooled sample,pooled sample,TMP,FW,POOL,NA,NA,2023-06-27,11:59:00,2023-06-27T18:59:00Z,Freshwater,2023-06-27
TMP_SW_C6_20230627,20230706,3.78,0.25,NA,blank is ≥ 25% of sample value,TMP,SW,C6,NA,NA,2023-06-27,14:21:00,2023-06-27T21:21:00Z,Estuarine-water,2023-06-27
TMP_SW_D5_20230627,20230706,3.52,0.28,NA,NA,TMP,SW,D5,NA,NA,2023-06-27,14:12:00,2023-06-27T21:12:00Z,Estuarine-water,2023-06-27
TMP_SW_B4_20230627,20230706,6.73,0.48,NA,NA,TMP,SW,B4,NA,NA,2023-06-27,14:31:00,2023-06-27T21:31:00Z,Estuarine-water,2023-06-27
TMP_SW_C3_20230627,20230706,8.13,0.48,NA,NA,TMP,SW,C3,NA,NA,2023-06-27,14:42:00,2023-06-27T21:42:00Z,Estuarine-water,2023-06-27
TMP_SW_F4_20230627,20230706,6.51,0.36,NA,NA,TMP,SW,F4,NA,NA,2023-06-27,13:55:00,2023-06-27T20:55:00Z,Estuarine-water,2023-06-27
TMP_SW_H6_20230627,20230706,4.82,0.26,NA,blank is ≥ 25% of sample value,TMP,SW,H6,NA,NA,2023-06-27,13:17:00,2023-06-27T20:17:00Z,Estuarine-water,2023-06-27
TMP_SW_H3_20230627,20230706,4.37,0.31,NA,NA,TMP,SW,H3,NA,NA,2023-06-27,13:29:00,2023-06-27T20:29:00Z,Estuarine-water,2023-06-27
TMP_SW_E3_20230627,20230706,3.6,0.25,NA,blank is ≥ 25% of sample value,TMP,SW,E3,NA,NA,2023-06-27,13:39:00,2023-06-27T20:39:00Z,Estuarine-water,2023-06-27
TMP_SW_F6_20230627,20230706,3.83,0.3,NA,NA,TMP,SW,F6,NA,NA,2023-06-27,14:02:00,2023-06-27T21:02:00Z,Estuarine-water,2023-06-27
TMP_SW_POOL_20230627,20230706,5.85,0.47,pooled sample,pooled sample,TMP,SW,POOL,NA,NA,2023-06-27,11:59:00,2023-06-27T18:59:00Z,Estuarine-water,2023-06-27
TMP_C_H6_20230707,20230713,19.94,0.84,NA,NA,TMP,C,H6,NA,NA,2023-07-07,11:42:00,2023-07-07T18:42:00Z,Control,2023-07-01
TMP_C_I5_20230710,20230713,19.03,0.74,NA,NA,TMP,C,I5,NA,NA,2023-07-10,13:10:00,2023-07-10T20:10:00Z,Control,2023-07-01
TMP_C_H6_20230710,20230713,21.17,1.2,NA,NA,TMP,C,H6,NA,NA,2023-07-10,12:55:00,2023-07-10T19:55:00Z,Control,2023-07-01
TMP_FW_C3_20230710,20230713,13.4,0.46,NA,NA,TMP,FW,C3,NA,NA,2023-07-10,11:05:00,2023-07-10T18:05:00Z,Freshwater,2023-07-01
TMP_FW_I5_20230707,20230713,15.8,1.19,NA,NA,TMP,FW,I5,NA,NA,2023-07-07,09:20:00,2023-07-07T16:20:00Z,Freshwater,2023-07-01
TMP_FW_D5_20230710,20230713,14.07,0.52,NA,NA,TMP,FW,D5,NA,NA,2023-07-10,10:55:00,2023-07-10T17:55:00Z,Freshwater,2023-07-01
TMP_FW_F4_20230710,20230713,14.93,0.57,NA,NA,TMP,FW,F4,NA,NA,2023-07-10,10:35:00,2023-07-10T17:35:00Z,Freshwater,2023-07-01
TMP_FW_H6_20230710,20230713,14.53,0.68,NA,NA,TMP,FW,H6,NA,NA,2023-07-10,10:25:00,2023-07-10T17:25:00Z,Freshwater,2023-07-01
TMP_FW_POOL_20230707,20230713,14.35,0.69,pooled sample,pooled sample,TMP,FW,POOL,NA,NA,2023-07-07,11:59:00,2023-07-07T18:59:00Z,Freshwater,2023-07-01
TMP_SW_F6_20230707,20230713,4.3,0.35,NA,NA,TMP,SW,F6,NA,NA,2023-07-07,10:50:00,2023-07-07T17:50:00Z,Estuarine-water,2023-07-01
TMP_SW_B4_20230707,20230713,7.82,0.74,NA,NA,TMP,SW,B4,NA,NA,2023-07-07,10:20:00,2023-07-07T17:20:00Z,Estuarine-water,2023-07-01
TMP_SW_E3_20230707,20230713,4.3,0.31,NA,blank is ≥ 25% of sample value,TMP,SW,E3,NA,NA,2023-07-07,10:38:00,2023-07-07T17:38:00Z,Estuarine-water,2023-07-01
TMP_SW_C3_20230707,20230713,9.05,0.59,NA,NA,TMP,SW,C3,NA,NA,2023-07-07,10:31:00,2023-07-07T17:31:00Z,Estuarine-water,2023-07-01
TMP_SW_POOL_20230707,20230713,7.91,0.51,pooled sample,pooled sample,TMP,SW,POOL,NA,NA,2023-07-07,11:59:00,2023-07-07T18:59:00Z,Estuarine-water,2023-07-01
TMP_C_H6_20230807,20230824,16.67,0.68,NA,NA,TMP,C,H6,NA,NA,2023-08-07,11:49:00,2023-08-07T18:49:00Z,Control,2023-08-01
TMP_C_H3_20230807,20230824,17.57,0.6,NA,NA,TMP,C,H3,NA,NA,2023-08-07,12:00:00,2023-08-07T19:00:00Z,Control,2023-08-01
TMP_C_H6_20230810,20230824,17.54,0.65,NA,NA,TMP,C,H6,NA,NA,2023-08-10,10:08:00,2023-08-10T17:08:00Z,Control,2023-08-01
TMP_C_F4_20230810,20230824,19.54,0.72,NA,NA,TMP,C,F4,NA,NA,2023-08-10,10:27:00,2023-08-10T17:27:00Z,Control,2023-08-01
TMP_C_D5_20230810,20230824,10.96,0.43,NA,blank is ≥ 25% of sample value,TMP,C,D5,NA,NA,2023-08-10,10:49:00,2023-08-10T17:49:00Z,Control,2023-08-01
TMP_C_B4_20230810,20230824,14.75,0.51,NA,NA,TMP,C,B4,NA,NA,2023-08-10,11:01:00,2023-08-10T18:01:00Z,Control,2023-08-01
TMP_C_E3_20230810,20230824,11.71,0.45,NA,NA,TMP,C,E3,NA,NA,2023-08-10,10:36:00,2023-08-10T17:36:00Z,Control,2023-08-01
TMP_C_C6_20230810,20230824,15.05,0.51,NA,NA,TMP,C,C6,NA,NA,2023-08-10,10:53:00,2023-08-10T17:53:00Z,Control,2023-08-01
TMP_C_I5_20230810,20230824,20.34,0.6,NA,NA,TMP,C,I5,NA,NA,2023-08-10,09:57:00,2023-08-10T16:57:00Z,Control,2023-08-01
TMP_C_F6_20230810,20230824,22.34,0.67,NA,NA,TMP,C,F6,NA,NA,2023-08-10,10:17:00,2023-08-10T17:17:00Z,Control,2023-08-01
TMP_C_POOL_20230807,20230824,18.14,0.69,pooled sample,pooled sample,TMP,C,POOL,NA,20230807-20230810,2023-08-07,11:59:00,2023-08-07T18:59:00Z,Control,2023-08-01
TMP_FW_C3_20230807,20230824,13.2,0.55,NA,NA,TMP,FW,C3,NA,NA,2023-08-07,09:47:00,2023-08-07T16:47:00Z,Freshwater,2023-08-01
TMP_FW_E3_20230807,20230824,7.22,0.42,NA,blank is ≥ 25% of sample value,TMP,FW,E3,NA,NA,2023-08-07,09:41:00,2023-08-07T16:41:00Z,Freshwater,2023-08-01
TMP_FW_F4_20230807,20230824,12.12,0.52,NA,NA,TMP,FW,F4,NA,NA,2023-08-07,09:04:00,2023-08-07T16:04:00Z,Freshwater,2023-08-01
TMP_FW_D5_20230807,20230824,11.97,0.48,NA,NA,TMP,FW,D5,NA,NA,2023-08-07,09:20:00,2023-08-07T16:20:00Z,Freshwater,2023-08-01
TMP_FW_C6_20230807,20230824,7.51,0.42,NA,blank is ≥ 25% of sample value,TMP,FW,C6,NA,NA,2023-08-07,09:31:00,2023-08-07T16:31:00Z,Freshwater,2023-08-01
TMP_FW_I5_20230807,20230824,14.73,0.64,NA,NA,TMP,FW,I5,NA,NA,2023-08-07,08:45:00,2023-08-07T15:45:00Z,Freshwater,2023-08-01
TMP_FW_F6_20230810,20230824,15.04,1.61,NA,NA,TMP,FW,F6,NA,NA,2023-08-10,13:07:00,2023-08-10T20:07:00Z,Freshwater,2023-08-01
TMP_FW_B4_20230810,20230824,14,0.55,NA,NA,TMP,FW,B4,NA,NA,2023-08-10,13:34:00,2023-08-10T20:34:00Z,Freshwater,2023-08-01
TMP_FW_H3_20230810,20230824,9.2,0.42,NA,blank is ≥ 25% of sample value,TMP,FW,H3,NA,NA,2023-08-10,13:22:00,2023-08-10T20:22:00Z,Freshwater,2023-08-01
TMP_FW_POOL_20230807,20230824,13.13,0.7,pooled sample,pooled sample,TMP,FW,POOL,NA,20230807-20230810,2023-08-07,11:59:00,2023-08-07T18:59:00Z,Freshwater,2023-08-01
TMP_SW_I5_20230807,20230824,18.75,1.55,NA,NA,TMP,SW,I5,NA,NA,2023-08-07,11:59:00,2023-08-07T18:59:00Z,Estuarine-water,2023-08-01
TMP_SW_D5_20230807,20230824,19.92,0.66,NA,NA,TMP,SW,D5,NA,NA,2023-08-07,10:44:00,2023-08-07T17:44:00Z,Estuarine-water,2023-08-01
TMP_SW_B4_20230807,20230824,16.93,0.7,NA,NA,TMP,SW,B4,NA,NA,2023-08-07,10:58:00,2023-08-07T17:58:00Z,Estuarine-water,2023-08-01
TMP_SW_F6_20230807,20230824,9.42,0.43,NA,blank is ≥ 25% of sample value,TMP,SW,F6,NA,NA,2023-08-07,10:37:00,2023-08-07T17:37:00Z,Estuarine-water,2023-08-01
TMP_SW_C6_20230807,20230824,19.99,0.88,NA,NA,TMP,SW,C6,NA,NA,2023-08-07,10:53:00,2023-08-07T17:53:00Z,Estuarine-water,2023-08-01
TMP_SW_C3_20230807,20230824,9.68,0.58,NA,NA,TMP,SW,C3,NA,NA,2023-08-07,11:04:00,2023-08-07T18:04:00Z,Estuarine-water,2023-08-01
TMP_SW_E3_20230807,20230824,8.31,0.41,NA,blank is ≥ 25% of sample value,TMP,SW,E3,NA,NA,2023-08-07,10:25:00,2023-08-07T17:25:00Z,Estuarine-water,2023-08-01
TMP_SW_F4_20230810,20230824,37.24,1.23,NA,NA,TMP,SW,F4,NA,NA,2023-08-10,11:53:00,2023-08-10T18:53:00Z,Estuarine-water,2023-08-01
TMP_SW_I5_20230810,20230824,48.78,1.45,NA,NA,TMP,SW,I5,NA,NA,2023-08-10,12:14:00,2023-08-10T19:14:00Z,Estuarine-water,2023-08-01
TMP_SW_H6_20230810,20230824,49.79,1.55,NA,NA,TMP,SW,H6,NA,NA,2023-08-10,12:26:00,2023-08-10T19:26:00Z,Estuarine-water,2023-08-01
TMP_SW_C6_20230810,20230824,46.25,1.63,NA,NA,TMP,SW,C6,NA,NA,2023-08-10,11:31:00,2023-08-10T18:31:00Z,Estuarine-water,2023-08-01
TMP_SW_H3_20230810,20230824,40.67,1.35,NA,NA,TMP,SW,H3,NA,NA,2023-08-10,12:03:00,2023-08-10T19:03:00Z,Estuarine-water,2023-08-01
TMP_SW_E3_20230810,20230824,29.26,1,NA,NA,TMP,SW,E3,NA,NA,2023-08-10,11:42:00,2023-08-10T18:42:00Z,Estuarine-water,2023-08-01
TMP_SW_POOL_20230807,20230824,42.55,1.39,pooled sample,pooled sample,TMP,SW,POOL,NA,20230807-20230810,2023-08-07,11:59:00,2023-08-07T18:59:00Z,Estuarine-water,2023-08-01
TMP_C_I5_20231005,20231010,13.19,0.43,NA,NA,TMP,C,I5,NA,NA,2023-10-05,11:59:00,2023-10-05T18:59:00Z,Control,2023-10-01
TMP_FW_I5_20231005,20231010,25.54,2.69,NA,NA,TMP,FW,I5,NA,NA,2023-10-05,10:37:00,2023-10-05T17:37:00Z,Freshwater,2023-10-01
TMP_FW_H3_20231002,20231010,9.29,0.48,NA,NA,TMP,FW,H3,NA,NA,2023-10-02,09:51:00,2023-10-02T16:51:00Z,Freshwater,2023-10-01
TMP_SW_D5_20231002,20231010,23.07,0.75,NA,NA,TMP,SW,D5,NA,NA,2023-10-02,11:23:00,2023-10-02T18:23:00Z,Estuarine-water,2023-10-01
TMP_SW_F6_20231002,20231010,30.33,1.11,NA,NA,TMP,SW,F6,NA,NA,2023-10-02,11:16:00,2023-10-02T18:16:00Z,Estuarine-water,2023-10-01
TMP_SW_H3_20231002,20231010,53.81,1.86,NA,NA,TMP,SW,H3,NA,NA,2023-10-02,10:55:00,2023-10-02T17:55:00Z,Estuarine-water,2023-10-01
TMP_SW_C3_20231002,20231010,12.36,0.7,NA,NA,TMP,SW,C3,NA,NA,2023-10-02,11:38:00,2023-10-02T18:38:00Z,Estuarine-water,2023-10-01
TMP_FW_POOL_20231002,20231012,11.17,0.6,pooled sample,pooled sample,TMP,FW,POOL,NA,NA,2023-10-02,11:59:00,2023-10-02T18:59:00Z,Freshwater,2023-10-01
TMP_SW_F6_20231116,20231115,20.01,0.93,NA,NA,TMP,SW,F6,NA,NA,2023-11-16,11:48:00,2023-11-16T19:48:00Z,Estuarine-water,2023-11-01
TMP_C_B4_20231211,20231214,23.49,0.92,NA,NA,TMP,C,B4,NA,NA,2023-12-11,10:43:00,2023-12-11T18:43:00Z,Control,2023-12-01
TMP_C_H6_20231211,20231214,11.97,0.4,NA,NA,TMP,C,H6,NA,NA,2023-12-11,10:23:00,2023-12-11T18:23:00Z,Control,2023-12-01
TMP_C_H3_20231211,20231214,20.84,0.77,NA,NA,TMP,C,H3,NA,NA,2023-12-11,10:06:00,2023-12-11T18:06:00Z,Control,2023-12-01
TMP_C_I5_20231208,20231214,17.68,0.51,NA,NA,TMP,C,I5,NA,NA,2023-12-08,09:49:00,2023-12-08T17:49:00Z,Control,2023-12-01
TMP_FW_F6_20231208,20231214,14.66,0.45,NA,NA,TMP,FW,F6,NA,NA,2023-12-08,12:08:00,2023-12-08T20:08:00Z,Freshwater,2023-12-01
TMP_FW_D5_20231208,20231214,11.31,0.35,NA,NA,TMP,FW,D5,NA,NA,2023-12-08,11:26:00,2023-12-08T19:26:00Z,Freshwater,2023-12-01
TMP_FW_H3_20231208,20231214,8.48,0.29,NA,NA,TMP,FW,H3,NA,NA,2023-12-08,11:48:00,2023-12-08T19:48:00Z,Freshwater,2023-12-01
TMP_FW_F4_20231211,20231214,15.21,0.44,NA,NA,TMP,FW,F4,NA,NA,2023-12-11,13:18:00,2023-12-11T21:18:00Z,Freshwater,2023-12-01
TMP_FW_I5_20231208,20231214,16.98,0.57,NA,NA,TMP,FW,I5,NA,NA,2023-12-08,11:56:00,2023-12-08T19:56:00Z,Freshwater,2023-12-01
TMP_SW_B4_20231208,20231214,86.41,1.97,NA,NA,TMP,SW,B4,NA,NA,2023-12-08,10:31:00,2023-12-08T18:31:00Z,Estuarine-water,2023-12-01
TMP_SW_H3_20231208,20231214,26.05,0.79,NA,NA,TMP,SW,H3,NA,NA,2023-12-08,12:13:00,2023-12-08T20:13:00Z,Estuarine-water,2023-12-01
TMP_SW_F6_20231208,20231214,38.61,1.23,NA,NA,TMP,SW,F6,NA,NA,2023-12-08,10:49:00,2023-12-08T18:49:00Z,Estuarine-water,2023-12-01
TMP_SW_F6_20231211,20231214,34.86,1.09,NA,NA,TMP,SW,F6,NA,NA,2023-12-11,12:02:00,2023-12-11T20:02:00Z,Estuarine-water,2023-12-01
TMP_SW_B4_20231211,20231214,51.56,1.22,NA,NA,TMP,SW,B4,NA,NA,2023-12-11,11:49:00,2023-12-11T19:49:00Z,Estuarine-water,2023-12-01
TMP_SW_C6_20231211,20231214,12.3,0.56,NA,NA,TMP,SW,C6,NA,NA,2023-12-11,11:59:00,2023-12-11T19:59:00Z,Estuarine-water,2023-12-01
TMP_SW_C3_20231211,20231214,34.13,2.19,NA,NA,TMP,SW,C3,NA,NA,2023-12-11,11:45:00,2023-12-11T19:45:00Z,Estuarine-water,2023-12-01
TMP_SW_D5_20231211,20231214,32.69,0.98,NA,NA,TMP,SW,D5,NA,NA,2023-12-11,11:58:00,2023-12-11T19:58:00Z,Estuarine-water,2023-12-01
TMP_SW_POOL_T2,20220708,13.51,1.42,pooled sample,pooled sample,TMP,SW,POOL,T2,NA,2022-06-22,16:14:00,2022-06-22T23:14:00Z,Estuarine-water,2022-06-22
TMP_FW_B4_T2,20220708,16.87,1.63,blank is ≥ 25% of sample value,blank is ≥ 25% of sample value,TMP,FW,B4,T2,NA,2022-06-22,16:14:00,2022-06-22T23:14:00Z,Freshwater,2022-06-22
TMP_FW_F6_T3,20220708,NA,NA,omitted for high dilution and blank values,omitted for high dilution and blank values,TMP,FW,F6,T3,NA,2022-06-23,09:38:00,2022-06-23T16:38:00Z,Freshwater,2022-06-23
TMP_FW_I5_T3,20220708,13.92,0.58,NA,NA,TMP,FW,I5,T3,NA,2022-06-23,09:38:00,2022-06-23T16:38:00Z,Freshwater,2022-06-23
TMP_FW_D5_T3,20220708,6.94,0.29,NA,blank is ≥ 25% of sample value,TMP,FW,D5,T3,NA,2022-06-23,09:38:00,2022-06-23T16:38:00Z,Freshwater,2022-06-23
TMP_SW_H6_T2,20220708,15.52,1.65,blank is ≥ 25% of sample value,blank is ≥ 25% of sample value,TMP,SW,H6,T2,NA,2022-06-22,16:14:00,2022-06-22T23:14:00Z,Estuarine-water,2022-06-22
TMP_FW_D5_T2,20220708,5.9,0.28,NA,blank is ≥ 25% of sample value,TMP,FW,D5,T2,NA,2022-06-22,16:14:00,2022-06-22T23:14:00Z,Freshwater,2022-06-22
TMP_FW_POOL_T2,20220708,7.58,0.36,pooled sample,pooled sample,TMP,FW,POOL,T2,NA,2022-06-22,16:14:00,2022-06-22T23:14:00Z,Freshwater,2022-06-22
TMP_FW_E3_T1,20220708,6.03,0.3,NA,blank is ≥ 25% of sample value,TMP,FW,E3,T1,NA,2022-06-22,12:45:00,2022-06-22T19:45:00Z,Freshwater,2022-06-22
TMP_SW_F6_T1,20220708,10.4,0.57,NA,blank is ≥ 25% of sample value,TMP,SW,F6,T1,NA,2022-06-22,12:47:00,2022-06-22T19:47:00Z,Estuarine-water,2022-06-22
TMP_SW_C6_T3,20220708,7.42,0.78,NA,NA,TMP,SW,C6,T3,NA,2022-06-23,09:41:00,2022-06-23T16:41:00Z,Estuarine-water,2022-06-23
TMP_FW_H6_T1,20220729,NA,NA,omitted for high dilution and blank values,omitted for high dilution and blank values,TMP,FW,H6,T1,NA,2022-06-22,12:45:00,2022-06-22T19:45:00Z,Freshwater,2022-06-22
TMP_FW_B4_T1,20220729,NA,NA,omitted for high dilution and blank values,omitted for high dilution and blank values,TMP,FW,B4,T1,NA,2022-06-22,12:45:00,2022-06-22T19:45:00Z,Freshwater,2022-06-22
TMP_FW_F6_T1,20220729,NA,NA,omitted for high dilution and blank values,omitted for high dilution and blank values,TMP,FW,F6,T1,NA,2022-06-22,12:45:00,2022-06-22T19:45:00Z,Freshwater,2022-06-22
TMP_FW_C6_T2,20220729,NA,NA,omitted for high dilution and blank values,omitted for high dilution and blank values,TMP,FW,C6,T2,NA,2022-06-22,16:14:00,2022-06-22T23:14:00Z,Freshwater,2022-06-22
TMP_C_H6_T2,20220729,19.16,0.59,NA,blank is ≥ 25% of sample value,TMP,C,H6,T2,NA,2022-06-22,16:34:00,2022-06-22T23:34:00Z,Control,2022-06-22
TMP_SW_H3_20220721,20220803,86.27,2.94,NA,NA,TMP,SW,H3,T5,NA,2022-07-21,12:28:00,2022-07-21T19:28:00Z,Estuarine-water,2022-07-01
TMP_C_B4_20220518,NA,18.19,NA,average value of multiple aliquots,replicates greater than 25% different,TMP,C,B4,NA,NA,2022-05-18,11:59:00,2022-05-18T18:59:00Z,Control,2022-05-01
TMP_C_C6_20220518,NA,9.235,0.365,average value of multiple aliquots,average value of multiple aliquots,TMP,C,C6,NA,NA,2022-05-18,11:59:00,2022-05-18T18:59:00Z,Control,2022-05-01
TMP_C_E3_20220518,NA,9.879999999999999,0.5349999999999999,average value of multiple aliquots,average value of multiple aliquots,TMP,C,E3,NA,NA,2022-05-18,11:59:00,2022-05-18T18:59:00Z,Control,2022-05-01
TMP_C_F6_20220518,NA,7.459999999999999,0.335,average value of multiple aliquots,average value of multiple aliquots,TMP,C,F6,NA,NA,2022-05-18,11:59:00,2022-05-18T18:59:00Z,Control,2022-05-01
TMP_C_H3_20220518,NA,NA,NA,replicates greater than 25% different,replicates greater than 25% different,TMP,C,H3,NA,NA,2022-05-18,11:59:00,2022-05-18T18:59:00Z,Control,2022-05-01
TMP_C_I5_20220518,NA,9.385,NA,average value of multiple aliquots,replicates greater than 25% different,TMP,C,I5,NA,NA,2022-05-18,11:59:00,2022-05-18T18:59:00Z,Control,2022-05-01
TMP_FW_C3_20220520,NA,NA,NA,replicates greater than 25% different,replicates greater than 25% different,TMP,FW,C3,NA,NA,2022-05-20,11:59:00,2022-05-20T18:59:00Z,Freshwater,2022-05-01
TMP_FW_C3_20230606,NA,4.035,0.22499999999999998,average value of multiple aliquots,average value of multiple aliquots,TMP,FW,C3,NA,NA,2023-06-06,16:40:00,2023-06-06T23:40:00Z,Freshwater,2023-06-06
TMP_FW_C6_20220518,NA,21.68,NA,average value of multiple aliquots,replicates greater than 25% different,TMP,FW,C6,NA,NA,2022-05-18,11:59:00,2022-05-18T18:59:00Z,Freshwater,2022-05-01
TMP_FW_D5_20220518,NA,NA,NA,replicates greater than 25% different,replicates greater than 25% different,TMP,FW,D5,NA,NA,2022-05-18,11:59:00,2022-05-18T18:59:00Z,Freshwater,2022-05-01
TMP_FW_F4_20220518,NA,NA,NA,replicates greater than 25% different,replicates greater than 25% different,TMP,FW,F4,NA,NA,2022-05-18,11:59:00,2022-05-18T18:59:00Z,Freshwater,2022-05-01
TMP_FW_H3_20220518,NA,NA,NA,replicates greater than 25% different,replicates greater than 25% different,TMP,FW,H3,NA,NA,2022-05-18,11:59:00,2022-05-18T18:59:00Z,Freshwater,2022-05-01
TMP_SW_H3_20220811,NA,83.08,2.9699999999999998,average value of multiple aliquots,average value of multiple aliquots,TMP,SW,H3,NA,NA,2022-08-11,11:59:00,2022-08-11T18:59:00Z,Estuarine-water,2022-08-01
Lysimeter Empty,NA,NA,NA,NA,NA,TMP,C,B4,T0,NA,2022-06-20,NA,NA,Control,2022-06-20
Lysimeter Empty,NA,NA,NA,NA,NA,TMP,C,C3,T0,NA,2022-06-20,NA,NA,Control,2022-06-20
Lysimeter Empty,NA,NA,NA,NA,NA,TMP,C,C6,T0,NA,2022-06-20,NA,NA,Control,2022-06-20
Lysimeter Empty,NA,NA,NA,NA,NA,TMP,C,D5,T0,NA,2022-06-20,NA,NA,Control,2022-06-20
Lysimeter Empty,NA,NA,NA,NA,NA,TMP,C,E3,T0,NA,2022-06-20,NA,NA,Control,2022-06-20
Lysimeter Empty,NA,NA,NA,NA,NA,TMP,C,F4,T0,NA,2022-06-20,NA,NA,Control,2022-06-20
Lysimeter Empty,NA,NA,NA,NA,NA,TMP,C,I5,T0,NA,2022-06-20,NA,NA,Control,2022-06-20
Lysimeter Empty,NA,NA,NA,NA,NA,TMP,FW,B4,T0,NA,2022-06-20,NA,NA,Freshwater,2022-06-20
Lysimeter Empty,NA,NA,NA,NA,NA,TMP,FW,C3,T0,NA,2022-06-20,NA,NA,Freshwater,2022-06-20
Lysimeter Empty,NA,NA,NA,NA,NA,TMP,FW,D5,T0,NA,2022-06-20,NA,NA,Freshwater,2022-06-20
Lysimeter Empty,NA,NA,NA,NA,NA,TMP,FW,E3,T0,NA,2022-06-20,NA,NA,Freshwater,2022-06-20
Lysimeter Empty,NA,NA,NA,NA,NA,TMP,FW,F4,T0,NA,2022-06-20,NA,NA,Freshwater,2022-06-20
Lysimeter Empty,NA,NA,NA,NA,NA,TMP,FW,F6,T0,NA,2022-06-20,NA,NA,Freshwater,2022-06-20
Lysimeter Empty,NA,NA,NA,NA,NA,TMP,SW,B4,T0,NA,2022-06-20,NA,NA,Estuarine-water,2022-06-20
Lysimeter Empty,NA,NA,NA,NA,NA,TMP,SW,C3,T0,NA,2022-06-20,NA,NA,Estuarine-water,2022-06-20
Lysimeter Empty,NA,NA,NA,NA,NA,TMP,SW,D5,T0,NA,2022-06-20,NA,NA,Estuarine-water,2022-06-20
Lysimeter Empty,NA,NA,NA,NA,NA,TMP,SW,E3,T0,NA,2022-06-20,NA,NA,Estuarine-water,2022-06-20
Lysimeter Empty,NA,NA,NA,NA,NA,TMP,SW,F4,T0,NA,2022-06-20,NA,NA,Estuarine-water,2022-06-20
Lysimeter Empty,NA,NA,NA,NA,NA,TMP,SW,F6,T0,NA,2022-06-20,NA,NA,Estuarine-water,2022-06-20
Lysimeter Empty,NA,NA,NA,NA,NA,TMP,SW,H3,T0,NA,2022-06-20,NA,NA,Estuarine-water,2022-06-20
Lysimeter Empty,NA,NA,NA,NA,NA,TMP,SW,H6,T0,NA,2022-06-20,NA,NA,Estuarine-water,2022-06-20
Lysimeter Empty,NA,NA,NA,NA,NA,TMP,SW,I5,T0,NA,2022-06-20,NA,NA,Estuarine-water,2022-06-20
Lysimeter Empty,NA,NA,NA,NA,NA,TMP,C,B4,T1,NA,2022-06-22,NA,NA,Control,2022-06-22
Lysimeter Empty,NA,NA,NA,NA,NA,TMP,C,C3,T1,NA,2022-06-22,NA,NA,Control,2022-06-22
Lysimeter Empty,NA,NA,NA,NA,NA,TMP,C,C6,T1,NA,2022-06-22,NA,NA,Control,2022-06-22
Lysimeter Empty,NA,NA,NA,NA,NA,TMP,C,D5,T1,NA,2022-06-22,NA,NA,Control,2022-06-22
Lysimeter Empty,NA,NA,NA,NA,NA,TMP,C,E3,T1,NA,2022-06-22,NA,NA,Control,2022-06-22
Lysimeter Empty,NA,NA,NA,NA,NA,TMP,C,F4,T1,NA,2022-06-22,NA,NA,Control,2022-06-22
Lysimeter Empty,NA,NA,NA,NA,NA,TMP,C,F6,T1,NA,2022-06-22,NA,NA,Control,2022-06-22
Lysimeter Empty,NA,NA,NA,NA,NA,TMP,C,H3,T1,NA,2022-06-22,NA,NA,Control,2022-06-22
Lysimeter Empty,NA,NA,NA,NA,NA,TMP,C,H6,T1,NA,2022-06-22,NA,NA,Control,2022-06-22
Lysimeter Empty,NA,NA,NA,NA,NA,TMP,C,I5,T1,NA,2022-06-22,NA,NA,Control,2022-06-22
Lysimeter Empty,NA,NA,NA,NA,NA,TMP,SW,C6,T1,NA,2022-06-22,NA,NA,Estuarine-water,2022-06-22
Lysimeter Empty,NA,NA,NA,NA,NA,TMP,SW,D5,T1,NA,2022-06-22,NA,NA,Estuarine-water,2022-06-22
Lysimeter Empty,NA,NA,NA,NA,NA,TMP,SW,F4,T1,NA,2022-06-22,NA,NA,Estuarine-water,2022-06-22
Lysimeter Empty,NA,NA,NA,NA,NA,TMP,SW,H3,T1,NA,2022-06-22,NA,NA,Estuarine-water,2022-06-22
Lysimeter Empty,NA,NA,NA,NA,NA,TMP,SW,I5,T1,NA,2022-06-22,NA,NA,Estuarine-water,2022-06-22
Lysimeter Empty,NA,NA,NA,NA,NA,TMP,C,B4,T2,NA,2022-06-22,NA,NA,Control,2022-06-22
Lysimeter Empty,NA,NA,NA,NA,NA,TMP,C,C3,T2,NA,2022-06-22,NA,NA,Control,2022-06-22
Lysimeter Empty,NA,NA,NA,NA,NA,TMP,C,C6,T2,NA,2022-06-22,NA,NA,Control,2022-06-22
Lysimeter Empty,NA,NA,NA,NA,NA,TMP,C,D5,T2,NA,2022-06-22,NA,NA,Control,2022-06-22
Lysimeter Empty,NA,NA,NA,NA,NA,TMP,C,E3,T2,NA,2022-06-22,NA,NA,Control,2022-06-22
Lysimeter Empty,NA,NA,NA,NA,NA,TMP,C,F4,T2,NA,2022-06-22,NA,NA,Control,2022-06-22
Lysimeter Empty,NA,NA,NA,NA,NA,TMP,C,F6,T2,NA,2022-06-22,NA,NA,Control,2022-06-22
Lysimeter Empty,NA,NA,NA,NA,NA,TMP,C,H3,T2,NA,2022-06-22,NA,NA,Control,2022-06-22
Lysimeter Empty,NA,NA,NA,NA,NA,TMP,C,I5,T2,NA,2022-06-22,NA,NA,Control,2022-06-22
Lysimeter Empty,NA,NA,NA,NA,NA,TMP,SW,C6,T2,NA,2022-06-22,NA,NA,Estuarine-water,2022-06-22
Lysimeter Empty,NA,NA,NA,NA,NA,TMP,C,C3,T3,NA,2022-06-23,NA,NA,Control,2022-06-23
Lysimeter Empty,NA,NA,NA,NA,NA,TMP,C,D5,T3,NA,2022-06-23,NA,NA,Control,2022-06-23
Lysimeter Empty,NA,NA,NA,NA,NA,TMP,C,E3,T3,NA,2022-06-23,NA,NA,Control,2022-06-23
Lysimeter Empty,NA,NA,NA,NA,NA,TMP,C,F4,T3,NA,2022-06-23,NA,NA,Control,2022-06-23
Lysimeter Empty,NA,NA,NA,NA,NA,TMP,C,F6,T3,NA,2022-06-23,NA,NA,Control,2022-06-23
Lysimeter Empty,NA,NA,NA,NA,NA,TMP,C,H3,T3,NA,2022-06-23,NA,NA,Control,2022-06-23
Lysimeter Empty,NA,NA,NA,NA,NA,TMP,SW,F4,T3,NA,2022-06-23,NA,NA,Estuarine-water,2022-06-23
Lysimeter Empty,NA,NA,NA,NA,NA,TMP,SW,H3,T3,NA,2022-06-23,NA,NA,Estuarine-water,2022-06-23
Lysimeter Empty,NA,NA,NA,NA,NA,TMP,C,B4,T4,NA,2022-06-24,NA,NA,Control,2022-06-24
Lysimeter Empty,NA,NA,NA,NA,NA,TMP,C,C3,T4,NA,2022-06-24,NA,NA,Control,2022-06-24
Lysimeter Empty,NA,NA,NA,NA,NA,TMP,C,C6,T4,NA,2022-06-24,NA,NA,Control,2022-06-24
Lysimeter Empty,NA,NA,NA,NA,NA,TMP,C,F4,T4,NA,2022-06-24,NA,NA,Control,2022-06-24
Lysimeter Empty,NA,NA,NA,NA,NA,TMP,C,C3,T5,NA,2022-07-21,NA,NA,Control,2022-07-01
Lysimeter Empty,NA,NA,NA,NA,NA,TMP,C,E3,T5,NA,2022-07-21,NA,NA,Control,2022-07-01
Lysimeter Empty,NA,NA,NA,NA,NA,TMP,C,F4,T5,NA,2022-07-21,NA,NA,Control,2022-07-01
Lysimeter Empty,NA,NA,NA,NA,NA,TMP,FW,C3,T5,NA,2022-07-21,NA,NA,Freshwater,2022-07-01
Lysimeter Empty,NA,NA,NA,NA,NA,TMP,FW,F4,T5,NA,2022-07-21,NA,NA,Freshwater,2022-07-01
Lysimeter Empty,NA,NA,NA,NA,NA,TMP,FW,F6,T5,NA,2022-07-21,NA,NA,Freshwater,2022-07-01
Lysimeter Empty,NA,NA,NA,NA,NA,TMP,FW,H3,T5,NA,2022-07-21,NA,NA,Freshwater,2022-07-01
Lysimeter Empty,NA,NA,NA,NA,NA,TMP,SW,E3,T5,NA,2022-07-21,NA,NA,Estuarine-water,2022-07-01
Lysimeter Empty,NA,NA,NA,NA,NA,TMP,SW,H6,T5,NA,2022-07-21,NA,NA,Estuarine-water,2022-07-01
