plot,grid,mean_vwc_m3m3_15cm,min_vwc_m3m3_15cm,max_vwc_m3m3_15cm,evacuation_datetime,collection_datetime,elapsed_time,tz,grid_vols_mL,doc_mg_l,tdn_mg_l
Control,B4,0.3208372441030928,0.296527951,0.390543274,2022-07-14T16:07:00Z,2022-07-18T17:00:00Z,96.8833333333333,EDT,36.5,7.55,0.23
Control,C6,0.31416618937336815,0.289662121,0.390310534,2022-07-14T16:07:00Z,2022-07-18T17:00:00Z,96.8833333333333,EDT,36.5,12.69,1.44
Control,H3,0.31598308549742266,0.277423876,0.393724054,2022-07-14T16:07:00Z,2022-07-18T17:00:00Z,96.8833333333333,EDT,36.5,20.08,0.51
Control,B4,0.32578604325938565,0.311500891,0.385504453,2022-08-05T18:00:00Z,2022-08-08T19:00:00Z,73,EDT,36.5,10.61,0.45
Control,C3,0.3845148130931034,0.366598207,0.400205863,2022-08-05T18:00:00Z,2022-08-08T19:00:00Z,73,EDT,36.5,16.66,0.49
Control,C6,0.3287210429351536,0.315298432,0.399216718,2022-08-05T18:00:00Z,2022-08-08T19:00:00Z,73,EDT,36.5,13.45,1.73
Control,D5,0.45071460001706487,0.433638964,0.469100782,2022-08-05T18:00:00Z,2022-08-08T19:00:00Z,73,EDT,29.5,11.37,0.41
Control,F4,0.3849613524529617,0.365310379,0.431579215,2022-08-05T18:00:00Z,2022-08-08T19:00:00Z,73,EDT,31.5,14.43,0.59
Control,F6,0.37410481847422683,0.348172957,0.424631926,2022-08-05T18:00:00Z,2022-08-08T19:00:00Z,73,EDT,36.5,15.7,0.5
Control,H3,0.32977808807191783,0.310953952,0.394480459,2022-08-05T18:00:00Z,2022-08-08T19:00:00Z,73,EDT,36.5,20.09,0.61
Control,H6,0.31581966104095566,0.306989614,0.32492611,2022-08-05T18:00:00Z,2022-08-08T19:00:00Z,73,EDT,36.5,15.89,0.58
Control,I5,0.3345929898116438,0.321508711,0.412219126,2022-08-05T18:00:00Z,2022-08-08T19:00:00Z,73,EDT,36.5,23.39,0.71
Control,B4,0.3181181907272727,0.31208662,0.342385489,2022-11-25T15:23:00Z,2022-11-28T17:42:00Z,74.3166666666667,EST,16.5,7.48,0.24
Control,C6,0.28482073585810813,0.280868428,0.293793256,2022-11-25T15:23:00Z,2022-11-28T17:42:00Z,74.3166666666667,EST,20.5,8.28,0.28
Control,D5,0.41840034515151514,0.398184904,0.461944027,2022-11-25T15:23:00Z,2022-11-28T17:42:00Z,74.3166666666667,EST,16.5,7.13,0.32
Control,F6,0.33925400899324326,0.333141832,0.355814587,2022-11-25T15:23:00Z,2022-11-28T17:42:00Z,74.3166666666667,EST,18.5,14.55,0.42
Control,H3,0.31763902321212123,0.30793609,0.350399503,2022-11-25T15:23:00Z,2022-11-28T17:42:00Z,74.3166666666667,EST,18.5,19.2,0.81
Control,H6,0.32426922231756755,0.321756967,0.330383863,2022-11-25T15:23:00Z,2022-11-28T17:42:00Z,74.3166666666667,EST,65,15.01,0.46
Control,I5,0.32565968506060605,0.320410954,0.341578657,2022-11-25T15:23:00Z,2022-11-28T17:42:00Z,74.3166666666667,EST,79.5,15.72,0.47
Control,B4,0.32177238353846155,0.31208662,0.342385489,2022-11-25T15:23:00Z,2022-12-01T17:42:00Z,146.316666666667,EST,13,7.48,0.24
Control,C6,0.28917009346998285,0.280868428,0.299929834,2022-11-25T15:23:00Z,2022-12-01T17:42:00Z,146.316666666667,EST,37,8.28,0.28
Control,D5,0.4236933140923077,0.398184904,0.461944027,2022-11-25T15:23:00Z,2022-12-01T17:42:00Z,146.316666666667,EST,18,7.13,0.32
Control,F6,0.3443875746586207,0.333141832,0.359259139,2022-11-25T15:23:00Z,2022-12-01T17:42:00Z,146.316666666667,EST,55,14.55,0.42
Control,H3,0.32020498904615385,0.30793609,0.350399503,2022-11-25T15:23:00Z,2022-12-01T17:42:00Z,146.316666666667,EST,65,19.2,0.81
Control,H6,0.32626809096912524,0.321756967,0.330841585,2022-11-25T15:23:00Z,2022-12-01T17:42:00Z,146.316666666667,EST,19,15.01,0.46
Control,C3,0.3552615352310345,0.352633807,0.365120308,2022-11-28T16:20:00Z,2022-12-01T17:06:00Z,72.7666666666667,EST,11,16.1,0.46
Control,C6,0.31997612337755105,0.315476866,0.323324083,2023-01-30T15:00:00Z,2023-02-02T16:17:00Z,73.2833333333333,EST,36.5,8.27,0.27
Control,D5,0.4234712047542662,0.4048723,0.445597921,2023-01-30T15:00:00Z,2023-02-02T16:17:00Z,73.2833333333333,EST,15.5,7.77,0.29
Control,F6,0.3942669286552901,0.390430783,0.398111203,2023-01-30T15:00:00Z,2023-02-02T16:17:00Z,73.2833333333333,EST,36.5,14.28,0.47
Control,H6,0.3404796597755102,0.33784318,0.343141894,2023-01-30T15:00:00Z,2023-02-02T16:17:00Z,73.2833333333333,EST,31.5,11.4,0.39
Control,C6,0.2975472468694517,0.290356462,0.310608721,2022-06-09T15:59:00Z,2022-06-13T15:59:00Z,96,EDT,33,8.83,0.44
Control,H3,0.2979501980081967,0.290554291,0.316190602,2022-06-09T15:59:00Z,2022-06-13T15:59:00Z,96,EDT,2,21.45,0.59
Control,I5,0.31884873723013696,0.314095942,0.324914473,2022-06-09T15:59:00Z,2022-06-13T15:59:00Z,96,EDT,99,19.15,0.84
Estuarine-water,B4,0.302662852140625,0.296341759,0.313607188,2022-06-09T15:59:00Z,2022-06-13T15:59:00Z,96,EDT,99,20.02,0.6
Estuarine-water,D5,0.3166747496875,0.307804204,0.333696529,2022-06-09T15:59:00Z,2022-06-13T15:59:00Z,96,EDT,7,11.32,0.58
Estuarine-water,E3,0.27865784362924284,0.273366442,0.289441018,2022-06-09T15:59:00Z,2022-06-13T15:59:00Z,96,EDT,7,9.96,1
Estuarine-water,I5,0.2628313709453125,0.259537807,0.27511975,2022-06-09T15:59:00Z,2022-06-13T15:59:00Z,96,EDT,24,14.77,1.28
Freshwater,C3,0.28922502915526316,0.281814904,0.305356555,2022-06-09T15:59:00Z,2022-06-13T15:59:00Z,96,EDT,20,10.55,0.52
Freshwater,D5,0.3191939985625,0.311337973,0.331694965,2022-06-09T15:59:00Z,2022-06-13T15:59:00Z,96,EDT,84,9.54,0.4
Freshwater,F4,0.316894406947644,0.306155629,0.329161978,2022-06-09T15:59:00Z,2022-06-13T15:59:00Z,96,EDT,83,10.91,0.05
Freshwater,I5,0.2788354279375,0.271574344,0.28764892,2022-06-09T15:59:00Z,2022-06-13T15:59:00Z,96,EDT,34,12.73,0.78
Control,C6,0.2183019841958763,0.214700446,0.225464671,2022-09-09T14:00:00Z,2022-09-12T14:35:00Z,72.5833333333333,EDT,14.5,17.31,0.59
Control,H6,0.2101208399484536,0.208532836,0.212772583,2022-09-09T14:00:00Z,2022-09-12T14:35:00Z,72.5833333333333,EDT,22.5,25,0.84
Control,C6,0.2438782240154639,0.24148882,0.24575572,2022-10-17T20:25:00Z,2022-10-19T20:57:00Z,48.5333333333333,EDT,4.5,11.49,0.38
Control,D5,0.392173673685567,0.384813991,0.409057741,2022-10-17T20:25:00Z,2022-10-19T20:57:00Z,48.5333333333333,EDT,25.5,6.9,0.24
Control,F6,0.292514297171875,0.291558952,0.294894892,2022-10-17T20:25:00Z,2022-10-19T20:57:00Z,48.5333333333333,EDT,10.5,12.13,0.38
Control,H3,0.25657633046391753,0.247625398,0.282579067,2022-10-17T20:25:00Z,2022-10-19T20:57:00Z,48.5333333333333,EDT,18.5,19.4,0.59
Control,H6,0.29183726025257734,0.290771515,0.29265283,2022-10-17T20:25:00Z,2022-10-19T20:57:00Z,48.5333333333333,EDT,24.5,15.72,0.5
Control,I5,0.29743465725257734,0.294344074,0.29854891,2022-10-17T20:25:00Z,2022-10-19T20:57:00Z,48.5333333333333,EDT,11.5,14.79,0.39
Control,C6,0.3173972714859155,0.306943066,0.322835329,2023-04-14T13:32:00Z,2023-04-17T13:25:00Z,71.8833333333333,EDT,36.5,8.4,0.34
Control,C6,0.27390663017894734,0.269786125,0.27655498,2023-05-31T19:12:00Z,2023-06-03T18:41:00Z,71.4833333333333,EDT,26,21.48,0.32
Control,C6,0.24625516803867403,0.241818535,0.262489726,2023-06-23T16:31:00Z,2023-06-28T19:24:00Z,122.883333333333,EDT,56,12.88,0.43
Control,C6,0.2509269405958188,0.241667254,0.255507526,2023-08-07T15:15:00Z,2023-08-10T14:53:00Z,71.6333333333333,EDT,54,15.05,0.51
Control,D5,0.43223695210309276,0.427017511,0.44020999,2022-07-18T15:30:00Z,2022-07-21T16:00:00Z,72.5,EDT,9.5,8.83,0.46
Control,F6,0.35233866860344826,0.333696529,0.374197168,2022-07-18T15:30:00Z,2022-07-21T16:00:00Z,72.5,EDT,24.5,16.45,0.81
Control,H6,0.3061608276597938,0.296147809,0.316225513,2022-07-18T15:30:00Z,2022-07-21T16:00:00Z,72.5,EDT,36.5,16.28,1.15
Control,D5,0.40403548906185566,0.376924105,0.468034057,2022-09-12T14:28:00Z,2022-09-15T15:00:00Z,72.5333333333333,EDT,13,11.13,0.6
Control,H3,0.2575397887525773,0.226294777,0.324049456,2022-09-12T14:28:00Z,2022-09-15T15:00:00Z,72.5333333333333,EDT,23.5,23.46,3.27
Control,I5,0.22530872453608247,0.202780279,0.237543877,2022-09-12T14:28:00Z,2022-09-15T15:00:00Z,72.5333333333333,EDT,32.5,15.9,0.49
Control,D5,0.42574168065082646,0.39920896,0.459224848,2023-06-23T18:12:00Z,2023-06-28T19:12:00Z,121,EDT,64,9.77,0.32
Control,D5,0.4348284287263158,0.38574883,0.470842453,2023-08-07T15:27:00Z,2023-08-10T14:49:00Z,71.3666666666667,EDT,10,10.96,0.43
Control,H3,0.3022572131451613,0.285309883,0.363219598,2022-06-09T15:59:00Z,2022-06-15T15:59:00Z,144,EDT,18,21.45,0.59
Control,H6,0.2928062630017391,0.279247006,0.319383019,2022-06-09T15:59:00Z,2022-06-15T15:59:00Z,144,EDT,52,17.41,0.66
Estuarine-water,F6,0.2846636888226087,0.267016519,0.311520286,2022-06-09T15:59:00Z,2022-06-15T15:59:00Z,144,EDT,36,13.87,0.88
Control,F6,0.3084807868034682,0.288641944,0.389034343,2023-06-23T18:15:00Z,2023-06-28T19:04:00Z,120.816666666667,EDT,39,17.37,0.49
Control,F6,0.3723879389003559,0.31045744,0.425229292,2023-08-07T15:36:00Z,2023-08-10T14:17:00Z,70.6833333333333,EDT,44,22.34,0.67
Control,H3,0.33090047344559587,0.32752504,0.335341225,2023-02-02T15:15:00Z,2023-02-06T15:35:00Z,96.3333333333333,EST,35,14.7,0.42
Control,H3,0.3419099803658537,0.32368483,0.38605915,2023-04-14T13:03:00Z,2023-04-17T12:50:00Z,71.7833333333333,EDT,24.5,17.32,0.73
Control,H3,0.2684004447987552,0.232795981,0.29404927,2023-06-23T18:02:00Z,2023-06-28T18:33:00Z,120.516666666667,EDT,27,20.53,2.1
Control,H3,0.22436596102768167,0.212842405,0.236740924,2023-08-04T15:56:00Z,2023-08-07T16:00:00Z,72.0666666666667,EDT,36,17.57,0.6
Control,H3,0.30996310238754327,0.28761013,0.40297159,2023-12-08T14:46:00Z,2023-12-11T15:06:00Z,72.3333333333333,EST,39,20.84,0.77
Control,H6,0.3360507281263158,0.329608063,0.343828477,2023-04-14T13:12:00Z,2023-04-17T13:02:00Z,71.8333333333333,EDT,36.5,12.12,0.47
Control,H6,0.31676009616433565,0.31045744,0.320826007,2023-05-31T18:26:00Z,2023-06-03T18:15:00Z,71.8166666666667,EDT,39,24.67,0.53
Control,H6,0.273928897,0.263319832,0.283665187,2023-06-08T20:47:00Z,2023-06-12T14:22:00Z,89.5833333333333,EDT,20.5,16.2,0.75
Control,H6,0.2651405121052632,0.251190199,0.313770106,2023-06-23T18:18:00Z,2023-06-28T18:54:00Z,120.6,EDT,64,19.3,0.67
Control,H6,0.2722508211842105,0.266496733,0.280561987,2023-07-05T16:15:00Z,2023-07-07T15:42:00Z,47.45,EDT,26.5,19.94,0.84
Control,H6,0.2658942170648464,0.250639381,0.296198236,2023-07-07T15:42:00Z,2023-07-10T16:55:00Z,73.2166666666667,EDT,38,21.17,1.2
Control,H6,0.2934317766013986,0.285608566,0.301752964,2023-08-04T16:03:00Z,2023-08-07T15:49:00Z,71.7666666666667,EDT,29,16.67,0.68
Control,H6,0.31036539687142856,0.280980919,0.329142583,2023-08-07T15:49:00Z,2023-08-10T14:08:00Z,70.3166666666667,EDT,35,17.54,0.65
Control,I5,0.3226728150625,0.298149373,0.407137636,2022-07-14T15:59:00Z,2022-07-18T15:59:00Z,96,EDT,25,18.21,0.74
Freshwater,B4,0.3287343889609375,0.296237026,0.384472639,2022-07-14T15:59:00Z,2022-07-18T15:59:00Z,96,EDT,5,11.88,1.07
Control,I5,0.3220248214440559,0.314976475,0.330919165,2023-05-31T18:36:00Z,2023-06-03T18:00:00Z,71.4,EDT,61,20.45,0.44
Control,I5,0.2951167853160083,0.267520789,0.331369129,2023-06-23T18:21:00Z,2023-06-28T18:40:00Z,120.316666666667,EDT,64,17.09,0.48
Control,I5,0.28873810097959185,0.268513813,0.333157348,2023-07-07T15:38:00Z,2023-07-10T17:10:00Z,73.5333333333333,EDT,38,19.03,0.74
Control,I5,0.3223804746892857,0.288095005,0.395151526,2023-08-07T15:56:00Z,2023-08-10T13:57:00Z,70.0166666666667,EDT,34,20.34,0.6
Control,I5,0.3162016964825175,0.314848468,0.322517251,2023-12-05T14:50:00Z,2023-12-08T14:49:00Z,71.9833333333333,EST,39,17.68,0.51
Control,I5,0.3176113634651568,0.313432633,0.344833138,2023-12-05T14:50:00Z,2023-12-11T14:49:00Z,143.983333333333,EST,50,17.68,0.51
Freshwater,C3,0.34494503431010454,0.333428878,0.389205019,2022-05-12T15:59:00Z,2022-05-18T15:59:00Z,144,EDT,8,7.01,0.33
Estuarine-water,B4,0.268725274496063,0.248529205,0.307687834,2022-07-14T15:20:00Z,2022-07-18T16:05:00Z,96.75,EDT,36.5,21.99,0.7
Estuarine-water,C3,0.27492419385156247,0.260204995,0.328704256,2022-07-14T15:20:00Z,2022-07-18T16:05:00Z,96.75,EDT,16.5,9.15,0.47
Estuarine-water,D5,0.27900045471842105,0.256876813,0.308537335,2022-07-14T15:20:00Z,2022-07-18T16:05:00Z,96.75,EDT,15.5,6.11,0.44
Estuarine-water,F6,0.2673141756498055,0.258273253,0.301764601,2022-07-14T15:20:00Z,2022-07-18T16:05:00Z,96.75,EDT,16.5,4.94,0.41
Estuarine-water,I5,0.2616323237124011,0.244025686,0.30110905,2022-07-14T15:20:00Z,2022-07-18T16:05:00Z,96.75,EDT,36.5,15.02,1.07
Estuarine-water,B4,0.2851891141340206,0.278932807,0.295073326,2022-08-05T16:55:00Z,2022-08-08T17:56:00Z,73.0166666666667,EDT,36.5,84.9,1.95
Estuarine-water,C3,0.2879210498453608,0.281779993,0.327234115,2022-08-05T16:55:00Z,2022-08-08T17:56:00Z,73.0166666666667,EDT,36.5,16.19,0.6
Estuarine-water,D5,0.3090839901707317,0.300600901,0.324798103,2022-08-05T16:55:00Z,2022-08-08T17:56:00Z,73.0166666666667,EDT,36.5,24.83,1.11
Estuarine-water,F6,0.2770184738453608,0.269549506,0.291939094,2022-08-05T16:55:00Z,2022-08-08T17:56:00Z,73.0166666666667,EDT,36.5,12.87,0.66
Estuarine-water,I5,0.28632500392413796,0.277105798,0.314243344,2022-08-05T16:55:00Z,2022-08-08T17:56:00Z,73.0166666666667,EDT,36.5,20.27,0.82
Estuarine-water,B4,0.16361754602422146,0.159921208,0.172213759,2022-09-09T14:40:00Z,2022-09-12T15:20:00Z,72.6666666666667,EDT,36.5,75.62,1.8
Estuarine-water,F6,0.17836733772068966,0.171383653,0.211733011,2022-09-09T14:40:00Z,2022-09-12T15:20:00Z,72.6666666666667,EDT,10.5,13.25,0.61
Estuarine-water,B4,0.28043212047938143,0.278490601,0.281884726,2022-10-17T19:40:00Z,2022-10-19T20:20:00Z,48.6666666666667,EDT,28.5,52.57,1.33
Estuarine-water,C3,0.27020635666494847,0.269281855,0.27085285,2022-10-17T19:40:00Z,2022-10-19T20:20:00Z,48.6666666666667,EDT,22.5,14.76,0.51
Estuarine-water,D5,0.2901902076580311,0.289441018,0.292160197,2022-10-17T19:40:00Z,2022-10-19T20:20:00Z,48.6666666666667,EDT,36.5,37.03,1.04
Estuarine-water,F6,0.2716284100618557,0.270825697,0.277629463,2022-10-17T19:40:00Z,2022-10-19T20:20:00Z,48.6666666666667,EDT,25.5,44.55,1.46
Estuarine-water,B4,0.30818223497959185,0.303258016,0.320434228,2022-11-25T17:45:00Z,2022-11-28T19:02:00Z,73.2833333333333,EST,85.5,65.26,1.49
Estuarine-water,C3,0.3030775105612245,0.297897238,0.319972627,2022-11-25T17:45:00Z,2022-11-28T19:02:00Z,73.2833333333333,EST,85.5,23.28,0.94
Estuarine-water,D5,0.32594028977474404,0.31895245,0.342369973,2022-11-25T17:45:00Z,2022-11-28T19:02:00Z,73.2833333333333,EST,20.5,43.48,1.24
Estuarine-water,F6,0.31214143080136986,0.306555166,0.32446063000000003,2022-11-25T17:45:00Z,2022-11-28T19:02:00Z,73.2833333333333,EST,54.5,42.99,1.39
Estuarine-water,B4,0.3298205578082192,0.326198422,0.33268411,2023-01-30T16:30:00Z,2023-02-02T17:30:00Z,73,EST,33.5,42.47,1.11
Estuarine-water,C3,0.3268581432559727,0.322183657,0.330740731,2023-01-30T16:30:00Z,2023-02-02T17:30:00Z,73,EST,80.5,45.24,1.47
Estuarine-water,D5,0.3399252100819113,0.335620513,0.34315741,2023-01-30T16:30:00Z,2023-02-02T17:30:00Z,73,EST,11.5,52.63,1.54
Estuarine-water,E3,0.3055705664948454,0.300538837,0.311807332,2023-01-30T16:30:00Z,2023-02-02T17:30:00Z,73,EST,11,40.1,1.33
Estuarine-water,F6,0.33383167177133105,0.324635185,0.345314134,2023-01-30T16:30:00Z,2023-02-02T17:30:00Z,73,EST,26.5,42.55,1.45
Estuarine-water,B4,0.32690276460278744,0.317222416,0.345221038,2023-04-14T14:01:00Z,2023-04-17T13:49:00Z,71.8,EDT,36.5,49.13,1.19
Estuarine-water,B4,0.2961455833442623,0.288137674,0.302842963,2023-05-12T14:59:00Z,2023-05-15T19:11:00Z,76.2,EDT,32.5,50.34,2.75
Estuarine-water,B4,0.30431778279381444,0.296939125,0.310608721,2023-05-31T18:05:00Z,2023-06-03T19:06:00Z,73.0166666666667,EDT,29,67.48,1.45
Estuarine-water,B4,0.28801607322727274,0.285635719,0.292292083,2023-06-06T20:31:00Z,2023-06-07T13:02:00Z,16.5166666666667,EDT,61,4.18,0.29
Estuarine-water,B4,0.28801607322727274,0.285635719,0.292292083,2023-06-06T20:31:00Z,2023-06-07T13:02:00Z,16.5166666666667,EDT,61,4.27,0.36
Estuarine-water,B4,0.2922315470909091,0.291613258,0.292757563,2023-06-07T13:02:00Z,2023-06-07T21:23:00Z,8.35,EDT,42,4.18,0.29
Estuarine-water,B4,0.2922315470909091,0.291613258,0.292757563,2023-06-07T13:02:00Z,2023-06-07T21:23:00Z,8.35,EDT,42,4.27,0.36
Estuarine-water,B4,0.2922315470909091,0.291613258,0.292757563,2023-06-07T13:02:00Z,2023-06-07T21:23:00Z,8.35,EDT,42,5.01,0.37
Estuarine-water,B4,0.288279196890625,0.269945164,0.293618701,2023-06-07T13:02:00Z,2023-06-08T21:23:00Z,32.35,EDT,49,4.18,0.29
Estuarine-water,B4,0.288279196890625,0.269945164,0.293618701,2023-06-07T13:02:00Z,2023-06-08T21:23:00Z,32.35,EDT,49,4.27,0.36
Estuarine-water,B4,0.288279196890625,0.269945164,0.293618701,2023-06-07T13:02:00Z,2023-06-08T21:23:00Z,32.35,EDT,49,5.01,0.37
Estuarine-water,B4,0.2892428618554217,0.275414554,0.293618701,2023-06-07T21:23:00Z,2023-06-08T18:15:00Z,20.8666666666667,EDT,38,4.18,0.29
Estuarine-water,B4,0.2892428618554217,0.275414554,0.293618701,2023-06-07T21:23:00Z,2023-06-08T18:15:00Z,20.8666666666667,EDT,38,4.27,0.36
Estuarine-water,B4,0.2892428618554217,0.275414554,0.293618701,2023-06-07T21:23:00Z,2023-06-08T18:15:00Z,20.8666666666667,EDT,38,5.01,0.37
Estuarine-water,B4,0.2668166160792079,0.259619266,0.284099635,2023-06-12T13:35:00Z,2023-06-14T16:14:00Z,50.65,EDT,45,7.82,0.48
Estuarine-water,B4,0.25978370544522966,0.257132827,0.265084777,2023-06-14T16:14:00Z,2023-06-17T15:33:00Z,71.3166666666667,EDT,43,5.88,0.41
Estuarine-water,B4,0.2718942918769231,0.263374138,0.287749774,2023-06-23T16:39:00Z,2023-06-27T18:31:00Z,97.8666666666667,EDT,64,6.73,0.48
Estuarine-water,B4,0.24839261332786886,0.245193265,0.252454753,2023-07-05T16:39:00Z,2023-07-07T14:20:00Z,45.6833333333333,EDT,36,7.82,0.74
Estuarine-water,B4,0.24826076434642858,0.235340605,0.260274817,2023-08-04T16:18:00Z,2023-08-07T14:58:00Z,70.6666666666667,EDT,20,16.93,0.7
Estuarine-water,B4,0.2917981750839161,0.290201302,0.29466991,2023-12-05T15:38:00Z,2023-12-08T15:31:00Z,71.8833333333333,EST,21,86.41,1.97
Estuarine-water,B4,0.2934361036753927,0.289258705,0.314747614,2023-12-05T15:38:00Z,2023-12-11T15:31:00Z,143.883333333333,EST,20,86.41,1.97
Estuarine-water,B4,0.29539844465068493,0.289258705,0.314805799,2023-12-08T15:31:00Z,2023-12-11T16:49:00Z,73.3,EST,28,51.56,1.22
Estuarine-water,C3,0.21489374283505155,0.188129296,0.255868273,2022-09-12T15:12:00Z,2022-09-15T15:58:00Z,72.7666666666667,EDT,34.5,21.94,3.06
Estuarine-water,E3,0.25017779337586205,0.170925931,0.279468109,2022-09-12T15:12:00Z,2022-09-15T15:58:00Z,72.7666666666667,EDT,32.5,26.22,0.97
Estuarine-water,C3,0.3254016615464286,0.312893452,0.361827037,2023-04-14T15:29:00Z,2023-04-17T13:38:00Z,70.15,EDT,36.5,53.19,1.59
Estuarine-water,C3,0.3005338368272425,0.296349517,0.305476804,2023-05-12T15:02:00Z,2023-05-15T19:37:00Z,76.5833333333333,EDT,24.5,53.12,1.41
Estuarine-water,C3,0.30970253215789473,0.293715676,0.33912325,2023-06-05T15:59:00Z,2023-06-06T20:19:00Z,28.3333333333333,EDT,45,8.3,0.4
Estuarine-water,C3,0.3062489600909091,0.27523612,0.341233426,2023-06-06T20:19:00Z,2023-06-07T12:51:00Z,16.5333333333333,EDT,75,6.15,0.37
Estuarine-water,C3,0.3062489600909091,0.27523612,0.341233426,2023-06-06T20:19:00Z,2023-06-07T12:51:00Z,16.5333333333333,EDT,75,5.71,0.34
Estuarine-water,C3,0.34518275839473683,0.340899832,0.348525946,2023-06-07T12:15:00Z,2023-06-07T21:33:00Z,9.3,EDT,55,6.15,0.37
Estuarine-water,C3,0.34518275839473683,0.340899832,0.348525946,2023-06-07T12:15:00Z,2023-06-07T21:33:00Z,9.3,EDT,55,5.71,0.34
Estuarine-water,C3,0.34518275839473683,0.340899832,0.348525946,2023-06-07T12:15:00Z,2023-06-07T21:33:00Z,9.3,EDT,55,6.32,0.43
Estuarine-water,C3,0.31508236591044775,0.276058468,0.348525946,2023-06-07T12:15:00Z,2023-06-08T21:33:00Z,33.3,EDT,15,6.15,0.37
Estuarine-water,C3,0.31508236591044775,0.276058468,0.348525946,2023-06-07T12:15:00Z,2023-06-08T21:33:00Z,33.3,EDT,15,5.71,0.34
Estuarine-water,C3,0.31508236591044775,0.276058468,0.348525946,2023-06-07T12:15:00Z,2023-06-08T21:33:00Z,33.3,EDT,15,6.32,0.43
Estuarine-water,C3,0.3076621001463415,0.277664374,0.348479398,2023-06-07T21:33:00Z,2023-06-08T18:05:00Z,20.5333333333333,EDT,38,6.15,0.37
Estuarine-water,C3,0.3076621001463415,0.277664374,0.348479398,2023-06-07T21:33:00Z,2023-06-08T18:05:00Z,20.5333333333333,EDT,38,5.71,0.34
Estuarine-water,C3,0.3076621001463415,0.277664374,0.348479398,2023-06-07T21:33:00Z,2023-06-08T18:05:00Z,20.5333333333333,EDT,38,6.32,0.43
Estuarine-water,C3,0.27948311563636363,0.271504522,0.333355177,2023-06-12T12:48:00Z,2023-06-14T16:01:00Z,51.2166666666667,EDT,64,7.45,0.64
Estuarine-water,C3,0.273060878229682,0.2714347,0.275600746,2023-06-14T16:01:00Z,2023-06-17T14:48:00Z,70.7833333333333,EDT,27.5,9.14,0.91
Estuarine-water,C3,0.28176780614175256,0.276473521,0.332912971,2023-06-23T16:35:00Z,2023-06-27T18:42:00Z,98.1166666666667,EDT,64,8.13,0.48
Estuarine-water,C3,0.27087399055,0.269052994,0.273362563,2023-07-05T16:35:00Z,2023-07-07T14:31:00Z,45.9333333333333,EDT,36,9.05,0.59
Estuarine-water,C3,0.27134638996043164,0.266566555,0.2764774,2023-08-04T16:21:00Z,2023-08-07T15:04:00Z,70.7166666666667,EDT,38,9.68,0.58
Estuarine-water,C3,0.2508286735155709,0.249526108,0.251737138,2023-09-29T15:13:00Z,2023-10-02T15:38:00Z,72.4166666666667,EDT,28,12.36,0.7
Estuarine-water,C3,0.3023645088703072,0.288533332,0.35262217,2023-12-08T15:25:00Z,2023-12-11T16:45:00Z,73.3333333333333,EST,10,34.13,2.19
Estuarine-water,E3,0.2998450444103448,0.294328558,0.310178152,2022-11-28T17:10:00Z,2022-12-01T17:46:00Z,72.6,EST,20.5,37.11,1.15
Estuarine-water,D5,0.32866151988927333,0.31895245,0.342369973,2022-11-25T17:45:00Z,2022-12-01T19:02:00Z,145.283333333333,EST,52,43.48,1.24
Estuarine-water,D5,0.3382242985314685,0.324445114,0.351896797,2023-04-14T13:48:00Z,2023-04-17T14:01:00Z,72.2166666666667,EDT,29.5,58,1.72
Estuarine-water,D5,0.2905753669,0.28066672,0.307912816,2023-06-05T15:59:00Z,2023-06-06T21:48:00Z,29.8166666666667,EDT,38,4.14,0.29
Estuarine-water,D5,0.28393970573770494,0.281046862,0.286892515,2023-06-06T21:48:00Z,2023-06-07T13:25:00Z,15.6166666666667,EDT,44,3.87,0.28
Estuarine-water,D5,0.28393970573770494,0.281046862,0.286892515,2023-06-06T21:48:00Z,2023-06-07T13:25:00Z,15.6166666666667,EDT,44,4.04,0.32
Estuarine-water,D5,0.2853782827,0.283378141,0.287621767,2023-06-07T13:25:00Z,2023-06-07T21:11:00Z,7.76666666666667,EDT,38,3.87,0.28
Estuarine-water,D5,0.2853782827,0.283378141,0.287621767,2023-06-07T13:25:00Z,2023-06-07T21:11:00Z,7.76666666666667,EDT,38,4.04,0.32
Estuarine-water,D5,0.2853782827,0.283378141,0.287621767,2023-06-07T13:25:00Z,2023-06-07T21:11:00Z,7.76666666666667,EDT,38,4.2,0.34
Estuarine-water,D5,0.2878131002142857,0.283378141,0.29017027,2023-06-07T13:25:00Z,2023-06-08T21:11:00Z,31.7666666666667,EDT,5,3.87,0.28
Estuarine-water,D5,0.2878131002142857,0.283378141,0.29017027,2023-06-07T13:25:00Z,2023-06-08T21:11:00Z,31.7666666666667,EDT,5,4.04,0.32
Estuarine-water,D5,0.2878131002142857,0.283378141,0.29017027,2023-06-07T13:25:00Z,2023-06-08T21:11:00Z,31.7666666666667,EDT,5,4.2,0.34
Estuarine-water,D5,0.28884166739534883,0.28636885,0.29017027,2023-06-07T21:11:00Z,2023-06-08T18:35:00Z,21.4,EDT,29,3.87,0.28
Estuarine-water,D5,0.28884166739534883,0.28636885,0.29017027,2023-06-07T21:11:00Z,2023-06-08T18:35:00Z,21.4,EDT,29,4.04,0.32
Estuarine-water,D5,0.28884166739534883,0.28636885,0.29017027,2023-06-07T21:11:00Z,2023-06-08T18:35:00Z,21.4,EDT,29,4.2,0.34
Estuarine-water,D5,0.2779877093248731,0.268459507,0.299181187,2023-06-12T13:27:00Z,2023-06-14T16:28:00Z,51.0166666666667,EDT,44,7.68,0.44
Estuarine-water,D5,0.26884885130851066,0.265639474,0.273207403,2023-06-14T16:28:00Z,2023-06-17T15:22:00Z,70.9,EDT,81,4.57,0.35
Estuarine-water,D5,0.28251394590697676,0.274142242,0.30498805,2023-06-23T16:45:00Z,2023-06-27T18:12:00Z,97.45,EDT,64,3.52,0.28
Estuarine-water,D5,0.2686455734208633,0.258106456,0.281857573,2023-08-04T16:25:00Z,2023-08-07T14:44:00Z,70.3166666666667,EDT,63,19.92,0.66
Estuarine-water,D5,0.2953905298591549,0.284735791,0.303839866,2023-09-29T15:22:00Z,2023-10-02T15:23:00Z,72.0166666666667,EDT,37.5,23.07,0.75
Estuarine-water,D5,0.3267749885344828,0.320294584,0.343479367,2023-12-08T15:43:00Z,2023-12-11T16:58:00Z,73.25,EST,10,32.69,0.98
Estuarine-water,E3,0.29389116034375,0.281814904,0.34843285,2022-08-05T15:59:00Z,2022-08-08T15:59:00Z,72,EDT,25,18.85,0.73
Estuarine-water,E3,0.30304773687628866,0.289689274,0.330736852,2023-04-14T13:38:00Z,2023-04-17T14:16:00Z,72.6333333333333,EDT,11,42.35,1.35
Estuarine-water,E3,0.2888413246,0.276201991,0.313071886,2023-06-05T15:59:00Z,2023-06-06T20:58:00Z,28.9833333333333,EDT,29,3.77,0.28
Estuarine-water,E3,0.2993010665714286,0.268626304,0.307129258,2023-06-06T20:58:00Z,2023-06-07T12:32:00Z,15.5666666666667,EDT,52,3.82,0.29
Estuarine-water,E3,0.2993010665714286,0.268626304,0.307129258,2023-06-06T20:58:00Z,2023-06-07T12:32:00Z,15.5666666666667,EDT,52,3.79,0.25
Estuarine-water,E3,0.28663871757142856,0.285965434,0.287579098,2023-06-07T12:23:00Z,2023-06-07T21:03:00Z,8.66666666666667,EDT,38,3.82,0.29
Estuarine-water,E3,0.28663871757142856,0.285965434,0.287579098,2023-06-07T12:23:00Z,2023-06-07T21:03:00Z,8.66666666666667,EDT,38,3.79,0.25
Estuarine-water,E3,0.28663871757142856,0.285965434,0.287579098,2023-06-07T12:23:00Z,2023-06-07T21:03:00Z,8.66666666666667,EDT,38,4.38,0.38
Estuarine-water,E3,0.28137639796923075,0.257450905,0.287579098,2023-06-07T12:23:00Z,2023-06-08T21:03:00Z,32.6666666666667,EDT,27,3.82,0.29
Estuarine-water,E3,0.28137639796923075,0.257450905,0.287579098,2023-06-07T12:23:00Z,2023-06-08T21:03:00Z,32.6666666666667,EDT,27,3.79,0.25
Estuarine-water,E3,0.28137639796923075,0.257450905,0.287579098,2023-06-07T12:23:00Z,2023-06-08T21:03:00Z,32.6666666666667,EDT,27,4.38,0.38
Estuarine-water,E3,0.28268834944444443,0.270608473,0.286139989,2023-06-07T21:03:00Z,2023-06-08T17:30:00Z,20.45,EDT,38,3.82,0.29
Estuarine-water,E3,0.28268834944444443,0.270608473,0.286139989,2023-06-07T21:03:00Z,2023-06-08T17:30:00Z,20.45,EDT,38,3.79,0.25
Estuarine-water,E3,0.28268834944444443,0.270608473,0.286139989,2023-06-07T21:03:00Z,2023-06-08T17:30:00Z,20.45,EDT,38,4.38,0.38
Estuarine-water,E3,0.24749628730662984,0.241364692,0.270608473,2023-06-08T17:30:00Z,2023-06-12T12:55:00Z,91.4166666666667,EDT,25,4.12,0.33
Estuarine-water,E3,0.2503089434411765,0.241655617,0.299759158,2023-06-12T12:55:00Z,2023-06-14T16:57:00Z,52.0333333333333,EDT,54,5.14,0.3
Estuarine-water,E3,0.24264304113454546,0.240107896,0.246007855,2023-06-14T16:57:00Z,2023-06-17T14:57:00Z,70,EDT,27,5.16,0.33
Estuarine-water,E3,0.25010829397637796,0.24005359,0.309320893,2023-06-23T16:47:00Z,2023-06-27T17:39:00Z,96.8666666666667,EDT,64,3.6,0.25
Estuarine-water,E3,0.23235384226589595,0.230049649,0.234844093,2023-07-05T18:35:00Z,2023-07-07T14:38:00Z,44.05,EDT,21,4.3,0.31
Estuarine-water,E3,0.2640622248152174,0.259774426,0.268420717,2023-08-04T16:36:00Z,2023-08-07T14:25:00Z,69.8166666666667,EDT,20,8.31,0.41
Estuarine-water,E3,0.2858485022137931,0.25812973,0.341392465,2023-08-07T14:25:00Z,2023-08-10T15:42:00Z,73.2833333333333,EDT,53,29.26,1
Estuarine-water,F6,0.3280779921211073,0.315054055,0.343037161,2023-04-14T13:54:00Z,2023-04-17T14:06:00Z,72.2,EDT,36.5,42.05,1.4
Estuarine-water,F6,0.29933859606188923,0.290406889,0.309968686,2023-05-12T15:06:00Z,2023-05-15T19:59:00Z,76.8833333333333,EDT,33.5,50.96,1.67
Estuarine-water,F6,0.2808751085,0.267815593,0.290949949,2023-06-12T13:22:00Z,2023-06-14T16:42:00Z,51.3333333333333,EDT,49,4.09,0.34
Estuarine-water,F6,0.27832578390625,0.27069769,0.288901837,2023-06-23T16:56:00Z,2023-06-27T18:02:00Z,97.1,EDT,64,3.83,0.3
Estuarine-water,F6,0.2614991126779661,0.257408236,0.265170115,2023-07-05T18:30:00Z,2023-07-07T14:50:00Z,44.3333333333333,EDT,44.5,4.3,0.35
Estuarine-water,F6,0.268013422,0.258579694,0.280542592,2023-08-04T16:28:00Z,2023-08-07T14:37:00Z,70.15,EDT,42,9.42,0.43
Estuarine-water,F6,0.27501310644776117,0.268940503,0.283944475,2023-09-29T19:25:00Z,2023-10-02T15:16:00Z,67.85,EDT,37.5,30.33,1.11
Estuarine-water,F6,0.2715364054878049,0.271019647,0.2772532,2023-11-13T16:52:00Z,2023-11-16T16:48:00Z,71.9333333333333,EST,20,20.01,0.93
Estuarine-water,F6,0.30546353160278744,0.30421225,0.312610285,2023-12-05T15:46:00Z,2023-12-08T15:49:00Z,72.05,EST,21,38.61,1.23
Estuarine-water,F6,0.30695739468869565,0.303541183,0.320531203,2023-12-05T15:46:00Z,2023-12-11T15:49:00Z,144.05,EST,15,38.61,1.23
Estuarine-water,F6,0.30864470254266213,0.303541183,0.320531203,2023-12-08T15:49:00Z,2023-12-11T17:02:00Z,73.2166666666667,EST,18,34.86,1.09
Estuarine-water,I5,0.32131163625,0.320569993,0.321807394,2023-06-07T11:58:00Z,2023-06-07T20:45:00Z,8.78333333333333,EDT,22,11.37,0.72
Estuarine-water,I5,0.30679219571764704,0.303323959,0.320860918,2023-06-07T20:45:00Z,2023-06-08T17:56:00Z,21.1833333333333,EDT,17,11.37,0.72
Estuarine-water,I5,0.30572003683453236,0.301012075,0.310515625,2023-08-04T16:40:00Z,2023-08-07T14:12:00Z,69.5333333333333,EDT,17.5,18.75,1.55
Estuarine-water,I5,0.3225954469222973,0.298657522,0.345349045,2023-08-07T14:12:00Z,2023-08-10T16:14:00Z,74.0333333333333,EDT,45,48.78,1.45
Freshwater,B4,0.34461856178156997,0.320934619,0.382176271,2022-08-05T15:45:00Z,2022-08-08T16:50:00Z,73.0833333333333,EDT,36.5,12.08,0.49
Freshwater,C3,0.32826350627986345,0.302168017,0.412017418,2022-08-05T15:45:00Z,2022-08-08T16:50:00Z,73.0833333333333,EDT,36.5,14.84,0.53
Freshwater,D5,0.3412292557440273,0.323836111,0.408844396,2022-08-05T15:45:00Z,2022-08-08T16:50:00Z,73.0833333333333,EDT,36.5,18.81,0.75
Freshwater,E3,0.33139812851027395,0.31957309,0.359984512,2022-08-05T15:45:00Z,2022-08-08T16:50:00Z,73.0833333333333,EDT,29.5,10.3,0.54
Freshwater,F4,0.3386367543219178,0.330876496,0.354747862,2022-08-05T15:45:00Z,2022-08-08T16:50:00Z,73.0833333333333,EDT,36.5,14.67,0.73
Freshwater,H3,0.31815212728082193,0.306368974,0.343425061,2022-08-05T15:45:00Z,2022-08-08T16:50:00Z,73.0833333333333,EDT,36.5,11.59,0.46
Freshwater,I5,0.29016680140614337,0.27577918,0.316268182,2022-08-05T15:45:00Z,2022-08-08T16:50:00Z,73.0833333333333,EDT,36.5,16.38,0.6
Freshwater,B4,0.2654498679486301,0.240732415,0.309538117,2022-09-12T16:00:00Z,2022-09-15T16:48:00Z,72.8,EDT,18.5,16.62,2.87
Freshwater,C3,0.22595265186597938,0.211733011,0.231539185,2022-09-12T16:00:00Z,2022-09-15T16:48:00Z,72.8,EDT,32.5,21.35,0.72
Freshwater,D5,0.2698929569109589,0.210879631,0.329239558,2022-09-12T16:00:00Z,2022-09-15T16:48:00Z,72.8,EDT,36.5,17.36,0.57
Freshwater,E3,0.2617999282123288,0.217000693,0.274619359,2022-09-12T16:00:00Z,2022-09-15T16:48:00Z,72.8,EDT,8,8.16,0.4
Freshwater,F6,0.28085718952739724,0.241729318,0.298886383,2022-09-12T16:00:00Z,2022-09-15T16:48:00Z,72.8,EDT,26.5,16.19,0.76
Freshwater,I5,0.23078543684931507,0.201213163,0.248711518,2022-09-12T16:00:00Z,2022-09-15T16:48:00Z,72.8,EDT,36.5,22.43,0.8
Freshwater,B4,0.3094784002923077,0.308533456,0.310306159,2022-10-17T19:00:00Z,2022-10-19T19:39:00Z,48.65,EDT,17.5,13.23,0.38
Freshwater,C3,0.2674039791134021,0.26270695,0.288021304,2022-10-17T19:00:00Z,2022-10-19T19:39:00Z,48.65,EDT,13.5,12.5,0.38
Freshwater,D5,0.2840272071076923,0.282978604,0.285112054,2022-10-17T19:00:00Z,2022-10-19T19:39:00Z,48.65,EDT,21.5,15.08,0.48
Freshwater,E3,0.29149482853092784,0.289615573,0.297598555,2022-10-17T19:00:00Z,2022-10-19T19:39:00Z,48.65,EDT,8,10.08,0.35
Freshwater,H3,0.27764111989230766,0.2757016,0.285402979,2022-10-17T19:00:00Z,2022-10-19T19:39:00Z,48.65,EDT,31.5,11.76,0.5
Freshwater,I5,0.2183052902153846,0.213195394,0.223059691,2022-10-17T19:00:00Z,2022-10-19T19:39:00Z,48.65,EDT,31.5,21.68,0.86
Freshwater,B4,0.32979234859726964,0.324064972,0.380907838,2022-11-25T19:14:00Z,2022-11-28T20:28:00Z,73.2333333333333,EST,19.5,12.31,0.6
Freshwater,C3,0.31019618339249144,0.302788657,0.330682546,2022-11-25T19:14:00Z,2022-11-28T20:28:00Z,73.2333333333333,EST,53.5,15.94,0.52
Freshwater,D5,0.3152146297133106,0.308374417,0.339103855,2022-11-25T19:14:00Z,2022-11-28T20:28:00Z,73.2333333333333,EST,84.5,15.13,0.43
Freshwater,E3,0.32712617818430034,0.317912878,0.358425154,2022-11-25T19:14:00Z,2022-11-28T20:28:00Z,73.2333333333333,EST,20,10.03,0.48
Freshwater,H3,0.3098624040477816,0.303440329,0.334177525,2022-11-25T19:14:00Z,2022-11-28T20:28:00Z,73.2333333333333,EST,49,9.01,0.34
Freshwater,I5,0.2911532324300341,0.285445648,0.305042356,2022-11-25T19:14:00Z,2022-11-28T20:28:00Z,73.2333333333333,EST,74.5,15.15,0.58
Freshwater,B4,0.331044848605852,0.324064972,0.380907838,2022-11-25T19:14:00Z,2022-12-01T20:28:00Z,145.233333333333,EST,10,12.31,0.6
Freshwater,H3,0.3116673602913793,0.303440329,0.334177525,2022-11-25T19:14:00Z,2022-12-01T20:28:00Z,145.233333333333,EST,25,9.01,0.34
Freshwater,B4,0.34283594283959046,0.336272185,0.348366907,2023-01-30T19:30:00Z,2023-02-02T20:30:00Z,73,EST,13.5,11.29,0.49
Freshwater,C3,0.32551015765870306,0.320907466,0.328940875,2023-01-30T19:30:00Z,2023-02-02T20:30:00Z,73,EST,11.5,12.3,0.48
Freshwater,D5,0.32500523895221844,0.318704194,0.329072761,2023-01-30T19:30:00Z,2023-02-02T20:30:00Z,73,EST,36.5,10.41,0.35
Freshwater,F6,0.3495954606917808,0.344518939,0.358747111,2023-01-30T19:30:00Z,2023-02-02T20:30:00Z,73,EST,8.5,13.77,0.64
Freshwater,H3,0.3230815197303754,0.316993555,0.332482402,2023-01-30T19:30:00Z,2023-02-02T20:30:00Z,73,EST,35.5,8.89,0.34
Freshwater,B4,0.33569228734437084,0.332742295,0.343475488,2023-05-12T17:24:00Z,2023-05-15T20:45:00Z,75.35,EDT,32.5,7.94,0.27
Freshwater,B4,0.34047958114,0.309871711,0.389751958,2023-06-05T19:42:00Z,2023-06-06T20:30:00Z,24.8,EDT,17,5.93,0.67
Freshwater,B4,0.3897263065483871,0.388623169,0.390582064,2023-06-07T13:34:00Z,2023-06-07T21:23:00Z,7.81666666666667,EDT,16,4.75,0.26
Freshwater,B4,0.3825663875714286,0.344041822,0.391633273,2023-06-07T21:23:00Z,2023-06-08T20:06:00Z,22.7166666666667,EDT,14,4.75,0.26
Freshwater,B4,0.34190960715526314,0.325026964,0.390659644,2023-06-23T17:04:00Z,2023-06-27T16:02:00Z,94.9666666666667,EDT,39,11.69,0.55
Freshwater,B4,0.3429206501782178,0.294739732,0.382494349,2023-08-07T13:53:00Z,2023-08-10T17:34:00Z,75.6833333333333,EDT,45,14,0.55
Freshwater,C3,0.32639003122413796,0.30770335,0.379158409,2023-04-14T14:17:00Z,2023-04-17T14:55:00Z,72.6333333333333,EDT,13.5,13.39,0.59
Freshwater,C3,0.30292871201986754,0.292978666,0.311097475,2023-05-12T17:21:00Z,2023-05-15T20:55:00Z,75.5666666666667,EDT,43.5,7.51,0.29
Freshwater,C3,0.3216029538347826,0.27108559,0.409530979,2023-06-05T15:59:00Z,2023-06-06T20:40:00Z,28.6833333333333,EDT,63,4.035,0.225
Freshwater,C3,0.40535770395454546,0.393250816,0.411986386,2023-06-06T20:40:00Z,2023-06-07T13:02:00Z,16.3666666666667,EDT,64,6.18,0.31
Freshwater,C3,0.40535770395454546,0.393250816,0.411986386,2023-06-06T20:40:00Z,2023-06-07T13:02:00Z,16.3666666666667,EDT,64,4.51,0.19
Freshwater,C3,0.4111544545882353,0.410395996,0.412052329,2023-06-07T13:02:00Z,2023-06-07T21:34:00Z,8.53333333333333,EDT,63,6.18,0.31
Freshwater,C3,0.4111544545882353,0.410395996,0.412052329,2023-06-07T13:02:00Z,2023-06-07T21:34:00Z,8.53333333333333,EDT,63,4.51,0.19
Freshwater,C3,0.4111544545882353,0.410395996,0.412052329,2023-06-07T13:02:00Z,2023-06-07T21:34:00Z,8.53333333333333,EDT,63,4.95,0.27
Freshwater,C3,0.40322540488188974,0.353653984,0.412052329,2023-06-07T13:02:00Z,2023-06-08T21:34:00Z,32.5333333333333,EDT,25,6.18,0.31
Freshwater,C3,0.40322540488188974,0.353653984,0.412052329,2023-06-07T13:02:00Z,2023-06-08T21:34:00Z,32.5333333333333,EDT,25,4.51,0.19
Freshwater,C3,0.40322540488188974,0.353653984,0.412052329,2023-06-07T13:02:00Z,2023-06-08T21:34:00Z,32.5333333333333,EDT,25,4.95,0.27
Freshwater,C3,0.4028338855,0.363188566,0.411202828,2023-06-07T21:34:00Z,2023-06-08T20:13:00Z,22.65,EDT,39,6.18,0.31
Freshwater,C3,0.4028338855,0.363188566,0.411202828,2023-06-07T21:34:00Z,2023-06-08T20:13:00Z,22.65,EDT,39,4.51,0.19
Freshwater,C3,0.4028338855,0.363188566,0.411202828,2023-06-07T21:34:00Z,2023-06-08T20:13:00Z,22.65,EDT,39,4.95,0.27
Freshwater,C3,0.29294193499526067,0.287086465,0.29773432,2023-06-12T13:39:00Z,2023-06-14T19:02:00Z,53.3833333333333,EDT,27,6.84,0.31
Freshwater,C3,0.3108640577142857,0.285143086,0.386094061,2023-06-23T17:06:00Z,2023-06-27T16:11:00Z,95.0833333333333,EDT,64,11.49,0.4
Freshwater,C3,0.27147976838144333,0.248688244,0.368242903,2023-07-07T14:09:00Z,2023-07-10T15:05:00Z,72.9333333333333,EDT,89,13.4,0.46
Freshwater,C3,0.2609519916618182,0.250639381,0.272462635,2023-08-04T16:54:00Z,2023-08-07T13:47:00Z,68.8833333333333,EDT,21,13.2,0.55
Freshwater,D5,0.3225912719175258,0.294666031,0.410857597,2022-07-14T14:30:00Z,2022-07-18T15:15:00Z,96.75,EDT,35.5,12.17,1.27
Freshwater,E3,0.32218747601546394,0.294177277,0.372680479,2022-07-14T14:30:00Z,2022-07-18T15:15:00Z,96.75,EDT,8,9.61,0.79
Freshwater,I5,0.27998605072093025,0.25568596,0.325698031,2022-07-14T14:30:00Z,2022-07-18T15:15:00Z,96.75,EDT,36.5,14.7,0.57
Freshwater,I5,0.18536463539175257,0.176344894,0.210119347,2022-09-09T15:25:00Z,2022-09-12T16:07:00Z,72.7,EDT,9,23.83,1.16
Freshwater,D5,0.32219362018493153,0.305131573,0.385073884,2023-04-14T14:13:00Z,2023-04-17T15:01:00Z,72.8,EDT,36.5,10.7,0.37
Freshwater,D5,0.3015932265305466,0.300046204,0.30413467,2023-05-12T14:50:00Z,2023-05-15T20:37:00Z,77.7833333333333,EDT,59.5,11.23,0.35
Freshwater,D5,0.3015932265305466,0.300046204,0.30413467,2023-05-12T14:50:00Z,2023-05-15T20:37:00Z,77.7833333333333,EDT,59.5,11.23,0.35
Freshwater,D5,0.3126429310805369,0.303223105,0.323002126,2023-05-31T17:26:00Z,2023-06-03T19:52:00Z,74.4333333333333,EDT,53,10.05,0.36
Freshwater,D5,0.29917508565625,0.294025996,0.303451966,2023-06-03T19:19:00Z,2023-06-05T19:47:00Z,48.4666666666667,EDT,10,5.19,0.2
Freshwater,D5,0.33687242146,0.291686959,0.409794751,2023-06-05T19:47:00Z,2023-06-06T20:50:00Z,25.05,EDT,62,5.95,0.25
Freshwater,D5,0.37628207172727274,0.336904462,0.410116708,2023-06-06T20:50:00Z,2023-06-07T13:21:00Z,16.5166666666667,EDT,63,7.08,0.24
Freshwater,D5,0.37628207172727274,0.336904462,0.410116708,2023-06-06T20:50:00Z,2023-06-07T13:21:00Z,16.5166666666667,EDT,63,5.98,0.24
Freshwater,D5,0.40665575337142856,0.406001089,0.407638027,2023-06-07T13:21:00Z,2023-06-07T22:05:00Z,8.73333333333333,EDT,63,7.08,0.24
Freshwater,D5,0.40665575337142856,0.406001089,0.407638027,2023-06-07T13:21:00Z,2023-06-07T22:05:00Z,8.73333333333333,EDT,63,5.98,0.24
Freshwater,D5,0.40665575337142856,0.406001089,0.407638027,2023-06-07T13:21:00Z,2023-06-07T22:05:00Z,8.73333333333333,EDT,63,5.88,0.27
Freshwater,D5,0.3748677908396947,0.329057245,0.407816461,2023-06-07T13:21:00Z,2023-06-08T22:05:00Z,32.7333333333333,EDT,25,7.08,0.24
Freshwater,D5,0.3748677908396947,0.329057245,0.407816461,2023-06-07T13:21:00Z,2023-06-08T22:05:00Z,32.7333333333333,EDT,25,5.98,0.24
Freshwater,D5,0.3748677908396947,0.329057245,0.407816461,2023-06-07T13:21:00Z,2023-06-08T22:05:00Z,32.7333333333333,EDT,25,5.88,0.27
Freshwater,D5,0.36669977437931034,0.331563079,0.407816461,2023-06-07T22:05:00Z,2023-06-08T19:55:00Z,21.8333333333333,EDT,39,7.08,0.24
Freshwater,D5,0.36669977437931034,0.331563079,0.407816461,2023-06-07T22:05:00Z,2023-06-08T19:55:00Z,21.8333333333333,EDT,39,5.98,0.24
Freshwater,D5,0.36669977437931034,0.331563079,0.407816461,2023-06-07T22:05:00Z,2023-06-08T19:55:00Z,21.8333333333333,EDT,39,5.88,0.27
Freshwater,D5,0.31576678613370474,0.305383708,0.331349734,2023-06-08T19:55:00Z,2023-06-12T13:44:00Z,89.8166666666667,EDT,41,6.77,0.3
Freshwater,D5,0.30301681107943923,0.299336347,0.30537595,2023-06-12T13:44:00Z,2023-06-14T19:13:00Z,53.4833333333333,EDT,27.5,8.14,0.35
Freshwater,D5,0.3278667511666667,0.314390746,0.411470479,2023-06-23T17:23:00Z,2023-06-27T15:49:00Z,94.4333333333333,EDT,64,13.08,0.36
Freshwater,D5,0.2956318754315068,0.274223701,0.402308281,2023-07-07T13:58:00Z,2023-07-10T14:55:00Z,72.95,EDT,76,14.07,0.52
Freshwater,D5,0.29586965355474454,0.287272657,0.304685488,2023-08-04T16:49:00Z,2023-08-07T13:20:00Z,68.5166666666667,EDT,35,11.97,0.48
Freshwater,D5,0.26842776362629756,0.266376484,0.270007228,2023-12-05T16:07:00Z,2023-12-08T16:26:00Z,72.3166666666667,EST,39,11.31,0.35
Freshwater,E3,0.34180790386911,0.338549158,0.349049611,2023-02-02T16:00:00Z,2023-02-06T16:08:00Z,96.1333333333333,EST,10,10.96,1.31
Freshwater,E3,0.3361299072878229,0.333064252,0.339452965,2023-05-12T21:34:00Z,2023-05-15T17:17:00Z,67.7166666666667,EDT,37.5,6.88,0.26
Freshwater,E3,0.34835413645844504,0.338324176,0.376435351,2023-06-23T17:29:00Z,2023-06-27T15:30:00Z,94.0166666666667,EDT,64,7.34,0.35
Freshwater,E3,0.31900548229850745,0.311508649,0.327645289,2023-08-04T18:33:00Z,2023-08-07T13:41:00Z,67.1333333333333,EDT,26,7.22,0.42
Freshwater,F4,0.3435885114117647,0.318820564,0.3781072,2023-06-05T19:21:00Z,2023-06-06T21:16:00Z,25.9166666666667,EDT,63,5.71,0.28
Freshwater,F4,0.3435885114117647,0.318820564,0.3781072,2023-06-05T19:21:00Z,2023-06-06T21:16:00Z,25.9166666666667,EDT,63,7.44,0.3
Freshwater,F4,0.3713185621,0.358339816,0.378297271,2023-06-06T21:16:00Z,2023-06-07T12:40:00Z,15.4,EDT,63,4.65,0.2
Freshwater,F4,0.36829133808108105,0.367781302,0.368813116,2023-06-07T12:40:00Z,2023-06-07T21:54:00Z,9.23333333333333,EDT,63,4.65,0.2
Freshwater,F4,0.36829133808108105,0.367781302,0.368813116,2023-06-07T12:40:00Z,2023-06-07T21:54:00Z,9.23333333333333,EDT,63,5.57,0.28
Freshwater,F4,0.3639533167272727,0.353467792,0.369394966,2023-06-07T12:40:00Z,2023-06-08T21:54:00Z,33.2333333333333,EDT,25,4.65,0.2
Freshwater,F4,0.3639533167272727,0.353467792,0.369394966,2023-06-07T12:40:00Z,2023-06-08T21:54:00Z,33.2333333333333,EDT,25,5.57,0.28
Freshwater,F4,0.3627254565,0.354332809,0.369394966,2023-06-07T21:54:00Z,2023-06-08T20:32:00Z,22.6333333333333,EDT,39,4.65,0.2
Freshwater,F4,0.3627254565,0.354332809,0.369394966,2023-06-07T21:54:00Z,2023-06-08T20:32:00Z,22.6333333333333,EDT,39,5.57,0.28
Freshwater,F4,0.3423959131590297,0.333134074,0.369895357,2023-06-23T17:32:00Z,2023-06-27T15:17:00Z,93.75,EDT,64,12.19,0.42
Freshwater,F4,0.31628236501030926,0.297955423,0.369976816,2023-07-07T13:44:00Z,2023-07-10T14:35:00Z,72.85,EDT,74,14.93,0.57
Freshwater,F4,0.3145214062936803,0.305271217,0.32271508,2023-08-04T17:02:00Z,2023-08-07T13:04:00Z,68.0333333333333,EDT,30,12.12,0.52
Freshwater,F4,0.3116260745102041,0.290690056,0.379538551,2023-12-08T16:44:00Z,2023-12-11T18:18:00Z,73.5666666666667,EST,28,15.21,0.44
Freshwater,F6,0.34359064978688525,0.340659334,0.350073667,2023-05-12T17:14:00Z,2023-05-15T21:46:00Z,76.5333333333333,EDT,54.5,14.77,0.37
Freshwater,F6,0.34359064978688525,0.340659334,0.350073667,2023-05-12T17:14:00Z,2023-05-15T21:46:00Z,76.5333333333333,EDT,54.5,14.77,0.37
Freshwater,F6,0.35677259656,0.348766444,0.384189472,2023-06-23T17:26:00Z,2023-06-27T15:40:00Z,94.2333333333333,EDT,64,11.95,0.42
Freshwater,F6,0.34301176063787375,0.301291363,0.369332902,2023-08-07T13:16:00Z,2023-08-10T17:07:00Z,75.85,EDT,59,15.04,1.61
Freshwater,F6,0.32095900319655174,0.319491631,0.328180591,2023-12-05T16:26:00Z,2023-12-08T17:08:00Z,72.7,EST,26,14.66,0.45
Freshwater,F6,0.32503285981109187,0.318087433,0.369014824,2023-12-05T16:26:00Z,2023-12-11T17:08:00Z,144.7,EST,35,14.66,0.45
Freshwater,H3,0.31783980135958906,0.304344136,0.339817591,2023-04-14T14:10:00Z,2023-04-17T15:11:00Z,73.0166666666667,EDT,36.5,8.59,0.32
Freshwater,H3,0.31353173837142856,0.310635874,0.322338817,2023-05-12T14:38:00Z,2023-05-15T21:15:00Z,78.6166666666667,EDT,22.5,9.76,0.68
Freshwater,H3,0.319717558302521,0.297765352,0.358560919,2023-06-05T15:59:00Z,2023-06-06T22:00:00Z,30.0166666666667,EDT,31,4.16,0.19
Freshwater,H3,0.3471805349137931,0.339491755,0.358471702,2023-06-06T22:00:00Z,2023-06-07T12:27:00Z,14.45,EDT,33,4.69,0.23
Freshwater,H3,0.3471805349137931,0.339491755,0.358471702,2023-06-06T22:00:00Z,2023-06-07T12:27:00Z,14.45,EDT,33,4.17,0.21
Freshwater,H3,0.3524014196363636,0.35157484,0.35805277,2023-06-07T12:27:00Z,2023-06-07T20:54:00Z,8.45,EDT,37,4.69,0.23
Freshwater,H3,0.3524014196363636,0.35157484,0.35805277,2023-06-07T12:27:00Z,2023-06-07T20:54:00Z,8.45,EDT,37,4.17,0.21
Freshwater,H3,0.32502712994652405,0.313153345,0.357145084,2023-06-23T17:34:00Z,2023-06-27T15:08:00Z,93.5666666666667,EDT,64,6.84,0.3
Freshwater,H3,0.32624035021875,0.294766885,0.354728467,2023-08-07T17:04:00Z,2023-08-10T17:22:00Z,72.3,EDT,64,9.2,0.42
Freshwater,H3,0.2504146487840909,0.245581165,0.258948199,2023-09-29T19:48:00Z,2023-10-02T13:51:00Z,66.05,EDT,39,9.29,0.48
Freshwater,H3,0.29243133775778546,0.291648169,0.299301436,2023-12-05T16:17:00Z,2023-12-08T16:48:00Z,72.5166666666667,EST,39,8.48,0.29
Freshwater,H3,0.30180395767130436,0.29106244,0.380364778,2023-12-05T16:17:00Z,2023-12-11T16:48:00Z,144.516666666667,EST,20,8.48,0.29
Freshwater,I5,0.30333960761538464,0.264983923,0.38163321100000003,2023-06-05T15:59:00Z,2023-06-06T21:45:00Z,29.7666666666667,EDT,52,4.44,0.24
Freshwater,I5,0.3225961685862069,0.309813526,0.38124919,2023-06-06T21:45:00Z,2023-06-07T12:01:00Z,14.2666666666667,EDT,39,7.46,0.46
Freshwater,I5,0.3225961685862069,0.309813526,0.38124919,2023-06-06T21:45:00Z,2023-06-07T12:01:00Z,14.2666666666667,EDT,39,4.08,0.18
Freshwater,I5,0.38223294750000003,0.379026523,0.388572742,2023-06-07T12:01:00Z,2023-06-07T21:04:00Z,9.05,EDT,63,7.46,0.46
Freshwater,I5,0.38223294750000003,0.379026523,0.388572742,2023-06-07T12:01:00Z,2023-06-07T21:04:00Z,9.05,EDT,63,4.08,0.18
Freshwater,I5,0.38223294750000003,0.379026523,0.388572742,2023-06-07T12:01:00Z,2023-06-07T21:04:00Z,9.05,EDT,63,6.64,0.49
Freshwater,I5,0.3359591112061069,0.308060218,0.388572742,2023-06-07T12:01:00Z,2023-06-08T21:04:00Z,33.05,EDT,14,7.46,0.46
Freshwater,I5,0.3359591112061069,0.308060218,0.388572742,2023-06-07T12:01:00Z,2023-06-08T21:04:00Z,33.05,EDT,14,4.08,0.18
Freshwater,I5,0.3359591112061069,0.308060218,0.388572742,2023-06-07T12:01:00Z,2023-06-08T21:04:00Z,33.05,EDT,14,6.64,0.49
Freshwater,I5,0.319216222,0.309045484,0.377191756,2023-06-07T21:04:00Z,2023-06-08T19:28:00Z,22.4,EDT,39,7.46,0.46
Freshwater,I5,0.319216222,0.309045484,0.377191756,2023-06-07T21:04:00Z,2023-06-08T19:28:00Z,22.4,EDT,39,4.08,0.18
Freshwater,I5,0.319216222,0.309045484,0.377191756,2023-06-07T21:04:00Z,2023-06-08T19:28:00Z,22.4,EDT,39,6.64,0.49
Freshwater,I5,0.29398693811325965,0.280174087,0.309204523,2023-06-08T19:28:00Z,2023-06-12T14:09:00Z,90.6833333333333,EDT,24,8.2,0.39
Freshwater,I5,0.27864570662149535,0.270938188,0.289064755,2023-06-12T14:09:00Z,2023-06-14T19:36:00Z,53.45,EDT,39,10.73,0.42
Freshwater,I5,0.2606889954618182,0.251019523,0.275441707,2023-06-14T19:36:00Z,2023-06-17T16:25:00Z,68.8166666666667,EDT,36,11.25,0.46
Freshwater,I5,0.3086785663414634,0.295205212,0.330802795,2023-06-23T17:36:00Z,2023-06-27T14:54:00Z,93.3,EDT,64,13.21,0.5
Freshwater,I5,0.25420984263372093,0.246628495,0.261857449,2023-07-05T18:16:00Z,2023-07-07T13:20:00Z,43.0666666666667,EDT,20,15.8,1.19
Freshwater,I5,0.24028777567896678,0.225914635,0.25653934,2023-08-04T17:05:00Z,2023-08-07T12:45:00Z,67.6666666666667,EDT,43,14.73,0.64
Freshwater,I5,0.21116053191752576,0.200010673,0.228280825,2023-10-02T13:33:00Z,2023-10-05T14:37:00Z,73.0666666666667,EDT,10,25.54,2.69
Freshwater,I5,0.2898172274965517,0.288265681,0.296361154,2023-12-05T16:22:00Z,2023-12-08T16:56:00Z,72.5666666666667,EST,37,16.98,0.57
