simulation_id,Timepoint,analyte,upper_ci,lower_ci,value,Exp_Type,Treatment
1,1,Ca_ppm,0.24748089162754494,0.1644298607013768,0.2143561455847201,ASW,0
1,1,conductivity_uSpercm,14.079921004550911,10.017523251491907,12.653705599599936,ASW,0
1,1,doc_mgperL,9.781485886444017,7.357257946704115,8.64600608613885,ASW,0
1,2,Ca_ppm,0.22803428751902735,0.19392153775445756,0.21192262996516953,ASW,0
1,2,conductivity_uSpercm,7.254631465361288,6.147095736525286,6.863554902642965,ASW,0
1,2,doc_mgperL,8.979546400595428,7.216416464735344,8.244967062959208,ASW,0
1,3,Ca_ppm,0.22833961293792954,0.19235801636578323,0.2128329905496712,ASW,0
1,3,conductivity_uSpercm,6.83512853494667,5.606598862266801,6.380681362224023,ASW,0
1,3,doc_mgperL,8.502152859433133,7.094438080150173,7.924377520556973,ASW,0
1,4,Ca_ppm,0.2284722571265724,0.19204042630688029,0.2129135085757144,ASW,0
1,4,conductivity_uSpercm,6.800844327582923,5.543008080103371,6.331924947010071,ASW,0
1,4,doc_mgperL,8.289371453149421,6.835835255229126,7.7126138121019245,ASW,0
1,5,Ca_ppm,0.22848853137237976,0.19201291452531818,0.2129059573269407,ASW,0
1,5,conductivity_uSpercm,6.798099370757261,5.537479201367606,6.3277355479394934,ASW,0
1,5,doc_mgperL,8.115446050387757,6.650842472788049,7.571269750006789,ASW,0
1,6,Ca_ppm,0.2284897500454695,0.1920105313272378,0.21290527395318876,ASW,0
1,6,conductivity_uSpercm,6.797879573439542,5.536998461237647,6.327385963513601,ASW,0
1,6,doc_mgperL,8.081729558739486,6.5387015557231685,7.474539060098765,ASW,0
2,1,Ca_ppm,1.7154738963798024,1.2703730135959783,1.5390381551221135,ASW,0.1
2,1,conductivity_uSpercm,94.29992100455091,90.23752325149191,92.87370559959993,ASW,0.1
2,1,doc_mgperL,15.33640483199664,9.762713393242642,13.2219435656876,ASW,0.1
2,2,Ca_ppm,0.331195307485364,0.2711917385864036,0.3060496360221041,ASW,0.1
2,2,conductivity_uSpercm,19.39753192523796,18.169408037648488,18.838648670802336,ASW,0.1
2,2,doc_mgperL,17.800486312265893,14.026326629366732,16.304685536290243,ASW,0.1
2,3,Ca_ppm,0.23587732152813629,0.20013810341189497,0.2190569891685759,ASW,0.1
2,3,conductivity_uSpercm,13.103292132353737,12.140337275198569,12.682201463903665,ASW,0.1
2,3,doc_mgperL,14.625992223755231,11.526077541757138,13.490943186276155,ASW,0.1
2,4,Ca_ppm,0.2289828452827899,0.19276987416895516,0.21331830872515062,ASW,0.1
2,4,conductivity_uSpercm,12.568121672955975,11.561531111280788,12.163965595828444,ASW,0.1
2,4,doc_mgperL,12.410989961187646,9.82342979322068,11.383158055630853,ASW,0.1
2,5,Ca_ppm,0.22852886151507315,0.19207601734059118,0.21294994772942916,ASW,0.1
2,5,conductivity_uSpercm,12.521638446276782,11.517042559548722,12.118343042365538,ASW,0.1
2,5,doc_mgperL,10.984458826786195,8.717459445072635,9.921881234606271,ASW,0.1
2,6,Ca_ppm,0.22849289013714552,0.19201599229930374,0.21290904526897922,ASW,0.1
2,6,conductivity_uSpercm,12.517641916239834,11.51328318175246,12.114773356132606,ASW,0.1
2,6,doc_mgperL,9.913648401408754,7.901510106485403,8.969115983299876,ASW,0.1
3,1,Ca_ppm,5.468269646238621,4.184861178045617,4.997634161870738,ASW,1
3,1,conductivity_uSpercm,798.5299210045509,794.4675232514918,797.1037055996,ASW,1
3,1,doc_mgperL,8.27887181093564,6.588285893764228,7.619572637462879,ASW,1
3,2,Ca_ppm,0.625071055227728,0.4775238408860868,0.5479399882691979,ASW,1
3,2,conductivity_uSpercm,84.36616030759379,74.70806090057178,80.48019925467973,ASW,1
3,2,doc_mgperL,24.48873193898023,18.79861357481545,22.571008225285794,ASW,1
3,3,Ca_ppm,0.25536979820289435,0.21469878774323037,0.23786666876355092,ASW,1
3,3,conductivity_uSpercm,21.049778068166823,19.108636967801438,20.33295606816437,ASW,1
3,3,doc_mgperL,22.399313966954242,17.70181382562302,20.486726415928864,ASW,1
3,4,Ca_ppm,0.23049837512025545,0.19469973855421008,0.21431570686971785,ASW,1
3,4,conductivity_uSpercm,16.00249045555735,13.99145712867458,15.211309349936663,ASW,1
3,4,doc_mgperL,17.80050723157162,13.477264640700097,15.983601338621382,ASW,1
3,5,Ca_ppm,0.2286421045501252,0.19224295991147192,0.21302871323520056,ASW,1
3,5,conductivity_uSpercm,15.568655980140083,13.54512140622124,14.799750995323718,ASW,1
3,5,doc_mgperL,14.618153514214113,10.744356413396506,12.835186027529407,ASW,1
3,6,Ca_ppm,0.22850168067603,0.19203043932130626,0.21291886245771968,ASW,1
3,6,conductivity_uSpercm,15.543521126591797,13.506976957712748,14.765639052015468,ASW,1
3,6,doc_mgperL,12.522395124539617,9.144556880357046,10.898821745091585,ASW,1
4,1,Ca_ppm,16.144372555368456,13.73982042115521,15.148719020791644,ASW,5
4,1,conductivity_uSpercm,2913.029921004551,2908.9675232514924,2911.6037055996,ASW,5
4,1,doc_mgperL,7.967896816592452,6.186332797493236,7.253809679988187,ASW,5
4,2,Ca_ppm,1.5168198976679603,1.0192831809314757,1.2597540731410932,ASW,5
4,2,conductivity_uSpercm,273.81311794557604,236.53452605165154,260.0446376069141,ASW,5
4,2,doc_mgperL,18.923277873394216,11.268489097663235,15.823030160789209,ASW,5
4,3,Ca_ppm,0.330873705660668,0.24571264963937078,0.28978863028200996,ASW,5
4,3,conductivity_uSpercm,39.52329356675741,33.986504157018054,37.071353446641986,ASW,5
4,3,doc_mgperL,27.12430173783423,20.16854255947571,23.801089341224237,ASW,5
4,4,Ca_ppm,0.23462349641221053,0.19833606871174503,0.21919484869763278,ASW,5
4,4,conductivity_uSpercm,19.3045791496962,17.098856449279108,18.3083950403133,ASW,5
4,4,doc_mgperL,20.98930322580676,15.750205071140511,18.883583688745375,ASW,5
4,5,Ca_ppm,0.2289522686156079,0.1927812465077322,0.2132461712114087,ASW,5
4,5,conductivity_uSpercm,17.75755413344236,14.907298299126639,16.67868666376784,ASW,5
4,5,doc_mgperL,16.741223342337737,12.102038170662604,14.70021279613357,ASW,5
4,6,Ca_ppm,0.22852832963197092,0.19207702763352158,0.21294445660950412,ASW,5
4,6,conductivity_uSpercm,17.611361581609447,14.766207639517305,16.543679674495724,ASW,5
4,6,doc_mgperL,13.926829511192794,9.934788520217635,12.107360970114676,ASW,5
5,1,Ca_ppm,63.802863612324856,58.38857421057069,61.25047634340483,ASW,25
5,1,conductivity_uSpercm,16154.029921004552,16149.967523251491,16152.603705599598,ASW,25
5,1,doc_mgperL,7.967896813780024,6.18611443527983,7.253789727524328,ASW,25
5,2,Ca_ppm,5.5708665008481155,3.39117725235,4.446406027145544,ASW,25
5,2,conductivity_uSpercm,1453.2404599887604,1240.7700515168565,1377.195755926841,ASW,25
5,2,doc_mgperL,8.123818133325537,6.45753089713533,7.544976251021193,ASW,25
5,3,Ca_ppm,0.6860255004977347,0.3647718167379042,0.5115974609497789,ASW,25
5,3,conductivity_uSpercm,146.27088597478806,113.04438663240614,133.24613423571427,ASW,25
5,3,doc_mgperL,26.373953264655256,19.88427541027626,24.015425875092113,ASW,25
5,4,Ca_ppm,0.2611653359040327,0.21119985657339527,0.23666343734351725,ASW,25
5,4,conductivity_uSpercm,30.78667908357957,26.221360379584674,28.88631359699877,ASW,25
5,4,doc_mgperL,24.68956457286301,19.003343395731555,22.07715561287784,ASW,25
5,5,Ca_ppm,0.23048375692680917,0.1946261194740641,0.21408377790073033,ASW,25
5,5,conductivity_uSpercm,21.528866794835345,17.59415822567285,20.079648653105593,ASW,25
5,5,doc_mgperL,19.35297498264837,14.190488476463697,17.174297694791925,ASW,25
5,6,Ca_ppm,0.2286497835295506,0.19229372566897293,0.21301957253586856,ASW,25
5,6,conductivity_uSpercm,20.765387346419597,16.645335842523803,19.290271456179667,ASW,25
5,6,doc_mgperL,15.506663803988516,11.08219569683101,13.668270230478182,ASW,25
6,1,Ca_ppm,229.71908711670991,220.64812882098312,225.85790654100595,ASW,100
6,1,conductivity_uSpercm,56364.02992100455,56359.96752325149,56362.6037055996,ASW,100
6,1,doc_mgperL,7.967896813780024,6.18611443527983,7.253789727524328,ASW,100
6,2,Ca_ppm,20.04729440408272,11.630783176239527,15.776832882135835,ASW,100
6,2,conductivity_uSpercm,5030.187045907299,4283.988147454393,4763.684633805542,ASW,100
6,2,doc_mgperL,7.967896814085115,6.186168519050223,7.253794254428849,ASW,100
6,3,Ca_ppm,1.9667744019712368,0.7714909815209163,1.3022846739264384,ASW,100
6,3,conductivity_uSpercm,466.04475739319787,345.63327500333037,420.24361436474936,ASW,100
6,3,doc_mgperL,18.43345832548529,8.548644506680205,14.501483633436205,ASW,100
6,4,Ca_ppm,0.3777563222355305,0.23545747392815428,0.2933825324845161,ASW,100
6,4,conductivity_uSpercm,60.63880488142675,47.78406468798642,54.87317401539643,ASW,100
6,4,doc_mgperL,28.134664294894407,21.038340084713546,24.688191561726704,ASW,100
6,5,Ca_ppm,0.23683462482372947,0.1981861356347704,0.21952573702996248,ASW,100
6,5,conductivity_uSpercm,26.156849948929676,21.95316999368127,24.44673591046818,ASW,100
6,5,doc_mgperL,22.101307682277596,16.354573686625564,19.676320308316555,ASW,100
6,6,Ca_ppm,0.22900409761778287,0.1930797813740166,0.21326566491470594,ASW,100
6,6,conductivity_uSpercm,23.612805787753253,18.292515308588914,21.66244870490238,ASW,100
6,6,doc_mgperL,17.5049858250895,12.46448332115687,15.321332060219213,ASW,100
7,1,Ca_ppm,0.36782194372300925,0.2100182134370024,0.31135784653529264,NaCl,0
7,1,conductivity_uSpercm,15.050921004550911,10.988523251491907,13.624705599599936,NaCl,0
7,1,doc_mgperL,9.94638225641456,7.659105875225359,8.856593342217971,NaCl,0
7,2,Ca_ppm,0.03977399756855835,0.02092351976000166,0.031101554573456258,NaCl,0
7,2,conductivity_uSpercm,8.990314403257246,8.200893083268202,8.737130490498856,NaCl,0
7,2,doc_mgperL,9.237810191454631,7.433935190478813,8.52564380922254,NaCl,0
7,3,Ca_ppm,0.012522981553595769,0.010596717244494373,0.011466648603377275,NaCl,0
7,3,conductivity_uSpercm,8.645850293091542,7.6313782471672384,8.27455287270556,NaCl,0
7,3,doc_mgperL,8.708980452278126,7.2239416440397015,8.115725335603717,NaCl,0
7,4,Ca_ppm,0.010221450334850111,0.010032603870635424,0.010102512320574197,NaCl,0
7,4,conductivity_uSpercm,8.617592338835408,7.601057195251395,8.239137375241011,NaCl,0
7,4,doc_mgperL,8.444645406690045,6.960170927688031,7.841733775530145,NaCl,0
7,5,Ca_ppm,0.01001960007150678,0.010001751769308717,0.010006920687823152,NaCl,0
7,5,conductivity_uSpercm,8.615178625659013,7.598705780033628,8.235661914515234,NaCl,0
7,5,doc_mgperL,8.173810075157474,6.726255680738286,7.661297411001936,NaCl,0
7,6,Ca_ppm,0.010001731459787857,0.010000086498213974,0.010000484717453576,NaCl,0
7,6,conductivity_uSpercm,8.614972444586225,7.5985233745706395,8.235356838658609,NaCl,0
7,6,doc_mgperL,8.119874536849343,6.584420955607317,7.524042058080244,NaCl,0
8,1,Ca_ppm,1.5859372336873603,1.121412206645462,1.4034130337585675,NaCl,0.1
8,1,conductivity_uSpercm,105.72992100455093,101.66752325149191,104.30370559959994,NaCl,0.1
8,1,doc_mgperL,16.55583614712259,10.58841934231612,14.44149762743707,NaCl,0.1
8,2,Ca_ppm,0.13110922715245518,0.08069110600552407,0.10702355642378908,NaCl,0.1
8,2,conductivity_uSpercm,20.50909841693057,19.194035666174397,19.935028141625082,NaCl,0.1
8,2,doc_mgperL,19.88714748065792,14.679631441915978,17.852928844766623,NaCl,0.1
8,3,Ca_ppm,0.02069821315013097,0.013927657378811147,0.016704533856995808,NaCl,0.1
8,3,conductivity_uSpercm,13.329379245480746,12.34767747599769,12.900842915022682,NaCl,0.1
8,3,doc_mgperL,15.933660271084902,12.32521972298471,14.45756595543465,NaCl,0.1
8,4,Ca_ppm,0.010928720798535735,0.010195786760732772,0.010459508379107613,NaCl,0.1
8,4,conductivity_uSpercm,12.716323693511528,11.699452361647449,12.315754547527355,NaCl,0.1
8,4,doc_mgperL,13.094647045370039,10.277366620056267,12.04812850593358,NaCl,0.1
8,5,Ca_ppm,0.010081251559424645,0.010009667038714762,0.010031387668164287,NaCl,0.1
8,5,conductivity_uSpercm,12.663194363829279,11.648732836541058,12.26384311731708,NaCl,0.1
8,5,doc_mgperL,11.5716978908578,8.969774990472057,10.369905428080136,NaCl,0.1
8,6,Ca_ppm,0.010007165924279327,0.010000477327857188,0.010002172002697414,NaCl,0.1
8,6,conductivity_uSpercm,12.658408170487274,11.644446922447178,12.259443041436146,NaCl,0.1
8,6,doc_mgperL,10.349222873841663,8.111319439844554,9.249834016897456,NaCl,0.1
9,1,Ca_ppm,3.284648732095624,2.040545813986572,2.827476550014055,NaCl,1
9,1,conductivity_uSpercm,742.229921004551,738.167523251492,740.8037055996,NaCl,1
9,1,doc_mgperL,11.220085399445914,7.283751771515157,9.109380946439796,NaCl,1
9,2,Ca_ppm,0.24952857792055338,0.14556044072155097,0.20350157174708483,NaCl,1
9,2,conductivity_uSpercm,79.27807760059345,70.34805117129955,75.6577355552423,NaCl,1
9,2,doc_mgperL,28.218026254036825,21.906755113552617,25.35593114198099,NaCl,1
9,3,Ca_ppm,0.03094893701184883,0.01836384737494224,0.02357425814057708,NaCl,1
9,3,conductivity_uSpercm,20.526586295456042,18.66914449568733,19.830190427699527,NaCl,1
9,3,doc_mgperL,23.40695608613835,17.871795580001393,20.90748503103537,NaCl,1
9,4,Ca_ppm,0.01183567638875444,0.010422106611946652,0.010924355088527227,NaCl,1
9,4,conductivity_uSpercm,15.861006637722571,13.888487326748889,15.08522779601285,NaCl,1
9,4,doc_mgperL,18.36299175263468,13.55135029432361,16.30168399080163,NaCl,1
9,5,Ca_ppm,0.01016059782463906,0.010021039311404908,0.010064159604768058,NaCl,1
9,5,conductivity_uSpercm,15.45583523245482,13.47420498005948,14.69896469552903,NaCl,1
9,5,doc_mgperL,15.087670035060924,10.738335776531342,13.132120990808373,NaCl,1
9,6,Ca_ppm,0.010014329784132622,0.010001038848936702,0.010004401390893366,NaCl,1
9,6,conductivity_uSpercm,15.432894921360468,13.438799857034034,14.666714212100661,NaCl,1
9,6,doc_mgperL,12.796329096313105,9.166217560425057,10.983022890726573,NaCl,1
10,1,Ca_ppm,5.803451522402019,3.1896231271731796,4.695019456935246,NaCl,5
10,1,conductivity_uSpercm,3439.029921004551,3434.967523251492,3437.6037055996,NaCl,5
10,1,doc_mgperL,7.980737155577957,6.407105893153453,7.35462388263974,NaCl,5
10,2,Ca_ppm,0.40682947765501515,0.21626516775563934,0.3433082610455943,NaCl,5
10,2,conductivity_uSpercm,320.775664590225,276.5749653576115,304.5400618356665,NaCl,5
10,2,doc_mgperL,26.37839738445969,19.012076687322786,23.657968089040505,NaCl,5
10,3,Ca_ppm,0.04530233580752901,0.024241706816134398,0.033079901257497456,NaCl,5
10,3,conductivity_uSpercm,43.880502562779476,37.46011551980581,41.054572721659625,NaCl,5
10,3,doc_mgperL,26.811457093626256,20.003192747387402,23.55764407860132,NaCl,5
10,4,Ca_ppm,0.013041537276681793,0.010718725291050491,0.011590444767030129,NaCl,5
10,4,conductivity_uSpercm,19.829822368072094,17.65085779675743,18.869317451540702,NaCl,5
10,4,doc_mgperL,20.797121156199623,15.239351358771714,18.2811041667765,NaCl,5
10,5,Ca_ppm,0.010268818549847,0.010036273483465875,0.010108536264209628,NaCl,5
10,5,conductivity_uSpercm,18.071554712033397,15.10281548865134,16.946265599234046,NaCl,5
10,5,doc_mgperL,16.594641303145327,11.5855245883729,14.35157257219667,NaCl,5
10,6,Ca_ppm,0.010024018799906406,0.01000183079051477,0.010007447154545683,NaCl,5
10,6,conductivity_uSpercm,17.899427231847717,14.936109096024733,16.794448404395037,NaCl,5
10,6,doc_mgperL,13.717197110397684,9.670157079570574,11.842049303286256,NaCl,5
11,1,Ca_ppm,10.274463653188837,4.938008021493138,7.752296797832664,NaCl,25
11,1,conductivity_uSpercm,15594.02992100455,15589.967523251491,15592.603705599598,NaCl,25
11,1,doc_mgperL,7.967896813789642,6.186120169927907,7.253789727525863,NaCl,25
11,2,Ca_ppm,0.6704512219406089,0.3446046195378189,0.5750462771792066,NaCl,25
11,2,conductivity_uSpercm,1403.4023085039305,1198.3565664168264,1329.9942456543204,NaCl,25
11,2,doc_mgperL,18.67710952848728,8.238144652604438,13.291020758712765,NaCl,25
11,3,Ca_ppm,0.06758223581428979,0.03172152916101743,0.048828887560402795,NaCl,25
11,3,conductivity_uSpercm,141.79300599173058,109.77186837157159,129.21368469416512,NaCl,25
11,3,doc_mgperL,30.885882595618448,22.113963073211483,26.585759491086144,NaCl,25
11,4,Ca_ppm,0.015000940062017638,0.011209229055223672,0.012764732302755415,NaCl,25
11,4,conductivity_uSpercm,30.32659090811652,25.890011871613822,28.47270063301424,NaCl,25
11,4,doc_mgperL,24.06950849353125,18.123258411334007,21.096403413965916,NaCl,25
11,5,Ca_ppm,0.01044442071754676,0.01006102682110407,0.010186816613223834,NaCl,25
11,5,conductivity_uSpercm,21.432522797958566,17.505809178715268,19.990815847858673,NaCl,25
11,5,doc_mgperL,18.941430397363945,13.360770285472917,16.37987197517745,NaCl,25
11,6,Ca_ppm,0.010039788862979702,0.010003080046758312,0.010012682221854023,NaCl,25
11,6,conductivity_uSpercm,20.692038907863235,16.6032079972709,19.22911137450606,NaCl,25
11,6,doc_mgperL,15.31835666721844,10.587935118373414,13.052637312286597,NaCl,25
12,1,Ca_ppm,17.426404476857634,7.487424904334215,13.251998770174904,NaCl,100
12,1,conductivity_uSpercm,70164.02992100455,70159.96752325149,70162.6037055996,NaCl,100
12,1,doc_mgperL,7.967896813780024,6.18611443527983,7.253789727524328,NaCl,100
12,2,Ca_ppm,1.1499895284685566,0.514026380160887,0.9603946803443129,NaCl,100
12,2,conductivity_uSpercm,6257.515002437493,5328.034093994372,5925.547721841023,NaCl,100
12,2,doc_mgperL,8.505843308204815,6.393084457754289,7.492839909981215,NaCl,100
12,3,Ca_ppm,0.10348511233395953,0.04277625315443555,0.07477819795660418,NaCl,100
12,3,conductivity_uSpercm,575.4925329295742,425.04749468391924,518.4555453015037,NaCl,100
12,3,doc_mgperL,28.392291177944458,16.946623491870508,24.70107162833762,NaCl,100
12,4,Ca_ppm,0.018186462179642537,0.01184742058123504,0.014657371345215088,NaCl,100
12,4,conductivity_uSpercm,70.64849865542448,54.25498485446364,63.5149442942764,NaCl,100
12,4,doc_mgperL,27.042450824456214,19.38961039995037,23.823086845693744,NaCl,100
12,5,Ca_ppm,0.010715960910288268,0.010102283751467761,0.010326512549636301,NaCl,100
12,5,conductivity_uSpercm,27.344415947215484,22.78989083619067,25.619255288305,NaCl,100
12,5,doc_mgperL,21.266392131281556,15.320131652403303,18.439794825333852,NaCl,100
12,6,Ca_ppm,0.010064018105962457,0.010005162139864798,0.010022029554295753,NaCl,100
12,6,conductivity_uSpercm,24.17717944631686,18.624874284214187,22.15667762400981,NaCl,100
12,6,doc_mgperL,16.98453527734615,11.64736293000768,14.456125805662433,NaCl,100
13,1,Ca_ppm,53.452861338902906,48.47150788921089,51.07545006778339,ColEx,ASW
13,1,conductivity_uSpercm,13254.02992100455,13249.967523251491,13252.603705599598,ColEx,ASW
13,1,doc_mgperL,7.967896813780024,6.18611443527983,7.253789727524328,ColEx,ASW
13,2,Ca_ppm,24.893910812970745,22.77605547384601,23.993663404066282,ColEx,ASW
13,2,conductivity_uSpercm,7212.546852675525,7048.645235687377,7158.998529881603,ColEx,ASW
13,2,doc_mgperL,7.967896813780024,6.186114453618143,7.253789727583512,ColEx,ASW
13,3,Ca_ppm,12.021753184315791,10.445287568923513,11.29732984746216,ColEx,ASW
13,3,conductivity_uSpercm,3929.054082806732,3752.839318424512,3871.0475032222294,ColEx,ASW
13,3,doc_mgperL,7.9678973051694095,6.188168625190212,7.253832379930017,ColEx,ASW
13,4,Ca_ppm,5.897289364483508,4.806329773679418,5.3747485267658455,ColEx,ASW
13,4,conductivity_uSpercm,2144.5252421898085,2002.254401207964,2097.2793171749754,ColEx,ASW
13,4,doc_mgperL,7.98079357242924,6.334321524782079,7.377805809498171,ColEx,ASW
13,5,Ca_ppm,2.9575126652157233,2.2694528375568876,2.6248969286210153,ColEx,ASW
13,5,conductivity_uSpercm,1174.4285117888448,1073.0792049632773,1140.3834550462848,ColEx,ASW
13,5,doc_mgperL,10.81069353441931,7.013849149901679,8.728807553626094,ColEx,ASW
13,6,Ca_ppm,1.531143024045647,1.1378647166818687,1.3341091820003925,ColEx,ASW
13,6,conductivity_uSpercm,646.7681580901217,579.7009679779051,624.0459429470915,ColEx,ASW
13,6,doc_mgperL,19.808675678031108,10.232505213803746,15.47148713056892,ColEx,ASW
13,7,Ca_ppm,0.8520736922302061,0.6303610685461843,0.7342408165370788,ColEx,ASW
13,7,conductivity_uSpercm,359.89849781684524,317.160613888431,345.48209060306283,ColEx,ASW
13,7,doc_mgperL,27.651050275354258,18.90694871201921,23.833093428423346,ColEx,ASW
13,8,Ca_ppm,0.5237723461976482,0.4000682317402622,0.45644257291025747,ColEx,ASW
13,8,conductivity_uSpercm,203.93794086071696,177.542454427149,195.18311139198096,ColEx,ASW
13,8,doc_mgperL,32.524819370571244,23.539593901733127,28.468769062721016,ColEx,ASW
13,9,Ca_ppm,0.3694315534776513,0.292088302780704,0.32705124411857545,ColEx,ASW
13,9,conductivity_uSpercm,119.42678243277486,103.27455330698494,113.88921634760393,ColEx,ASW
13,9,doc_mgperL,33.76912562363977,24.31373790457851,30.23769376777844,ColEx,ASW
13,10,Ca_ppm,0.2909717465349958,0.2409528723194981,0.2676756055152272,ColEx,ASW
13,10,conductivity_uSpercm,73.38275867292471,63.40179075581477,70.03598567702406,ColEx,ASW
13,10,doc_mgperL,33.92217243909793,24.238208581324837,29.99712177214489,ColEx,ASW
13,11,Ca_ppm,0.25619192600441426,0.21197641294109232,0.23825035803918282,ColEx,ASW
13,11,conductivity_uSpercm,48.893408950252784,42.51469201447125,46.449657242068774,ColEx,ASW
13,11,doc_mgperL,32.60361306513223,23.66777080480226,28.594304624960795,ColEx,ASW
13,12,Ca_ppm,0.2405844971529698,0.2025027201243793,0.2247564844166426,ColEx,ASW
13,12,conductivity_uSpercm,35.429085730447696,31.128806936918302,33.78350051225405,ColEx,ASW
13,12,doc_mgperL,30.966413421772728,21.131221926632055,27.204668019249752,ColEx,ASW
14,1,Ca_ppm,0.4046216604231399,0.23761116142849764,0.3449617104195396,ColEx,Control
14,1,conductivity_uSpercm,15.40992100455091,11.347523251491907,13.983705599599938,ColEx,Control
14,1,doc_mgperL,9.99451379510602,7.757771177313505,8.941457534374447,ColEx,Control
14,2,Ca_ppm,0.3029056946722234,0.21806896469419393,0.27746762656378,ColEx,Control
14,2,conductivity_uSpercm,12.139867711879873,10.204994325794123,11.518623296593091,ColEx,Control
14,2,doc_mgperL,9.811798225194288,7.716991131111843,8.874951129127314,ColEx,Control
14,3,Ca_ppm,0.25883995088271483,0.21023074604460362,0.2417891582527879,ColEx,Control
14,3,conductivity_uSpercm,10.426072056834599,9.324981618739779,10.128463699563568,ColEx,Control
14,3,doc_mgperL,9.639651180601362,7.663661449469978,8.7720625912809,ColEx,Control
14,4,Ca_ppm,0.2407620547900834,0.2001292830440916,0.2262436570183377,ColEx,Control
14,4,conductivity_uSpercm,9.61016156484295,8.818252909239881,9.369192176325583,ColEx,Control
14,4,doc_mgperL,9.444630794566406,7.609236581486292,8.701581829358123,ColEx,Control
14,5,Ca_ppm,0.23471091576021394,0.1976529227814375,0.21779284208833288,ColEx,Control
14,5,conductivity_uSpercm,9.214116747782244,8.482659846219038,8.972117310750562,ColEx,Control
14,5,doc_mgperL,9.295885027806063,7.558354532959816,8.612692491045433,ColEx,Control
14,6,Ca_ppm,0.23179209877504098,0.19621370160037865,0.21475470520126527,ColEx,Control
14,6,conductivity_uSpercm,9.014735853150697,8.154903803071205,8.730041322654357,ColEx,Control
14,6,doc_mgperL,9.157533988553029,7.489545516815671,8.514208394387785,ColEx,Control
14,7,Ca_ppm,0.2298768110115537,0.19401822831412105,0.21368658578506655,ColEx,Control
14,7,conductivity_uSpercm,8.910356181993818,7.981562979341337,8.592556212482085,ColEx,Control
14,7,doc_mgperL,9.024056481209668,7.410968613063434,8.427228781935565,ColEx,Control
14,8,Ca_ppm,0.22898727516033054,0.19296947507392087,0.21322745890323397,ColEx,Control
14,8,conductivity_uSpercm,8.867382428785668,7.921799146275887,8.53135363560792,ColEx,Control
14,8,doc_mgperL,8.902838574995855,7.373213356290092,8.338833474591695,ColEx,Control
14,9,Ca_ppm,0.22859086304191406,0.19246849526737797,0.21308908115938996,ColEx,Control
14,9,conductivity_uSpercm,8.83845236029178,7.889933789031766,8.495057060400972,ColEx,Control
14,9,doc_mgperL,8.837757898751928,7.28218805189348,8.259002525845466,ColEx,Control
14,10,Ca_ppm,0.22853649783924138,0.19222918086995763,0.2130256994089201,ColEx,Control
14,10,conductivity_uSpercm,8.824925853595216,7.872943297090165,8.474487281307077,ColEx,Control
14,10,doc_mgperL,8.700790117583814,7.16289687465784,8.158451516099888,ColEx,Control
14,11,Ca_ppm,0.2285113982341275,0.19211486169264833,0.21297645972806695,ColEx,Control
14,11,conductivity_uSpercm,8.819949502195684,7.863883882624443,8.463625468608758,ColEx,Control
14,11,doc_mgperL,8.6128985953678,7.055421530196887,8.117306537557496,ColEx,Control
14,12,Ca_ppm,0.22849980667035766,0.19206025184463868,0.21293882831243072,ColEx,Control
14,12,conductivity_uSpercm,8.81836608744344,7.859053277664759,8.458061099086724,ColEx,Control
14,12,doc_mgperL,8.568275801572913,6.958625941215025,8.037181762145183,ColEx,Control
15,1,Ca_ppm,1.9242801118550843,1.4600666999489584,1.74193920907003,ColEx,Freshwater
15,1,conductivity_uSpercm,105.43992100455091,101.37752325149191,104.01370559959994,ColEx,Freshwater
15,1,doc_mgperL,15.13408395207988,9.241171356697341,12.679250639605865,ColEx,Freshwater
15,2,Ca_ppm,1.006938961177907,0.8106252012819235,0.9322527045178073,ColEx,Freshwater
15,2,conductivity_uSpercm,62.42753422250698,60.11756079423907,61.728322356703984,ColEx,Freshwater
15,2,doc_mgperL,19.05468259013763,13.589729807189848,16.406507909493236,ColEx,Freshwater
15,3,Ca_ppm,0.5818693866180841,0.47576426714559295,0.545930721470984,ColEx,Freshwater
15,3,conductivity_uSpercm,39.54728045920337,37.72556669239952,38.962087763834965,ColEx,Freshwater
15,3,doc_mgperL,20.558658288373053,16.16142737004915,18.282996497670666,ColEx,Freshwater
15,4,Ca_ppm,0.3928996218147378,0.3308470262823461,0.3672831997204268,ColEx,Freshwater
15,4,conductivity_uSpercm,27.095431945426302,25.752747710975072,26.665324610402685,ColEx,Freshwater
15,4,doc_mgperL,20.449232828970263,16.058138103226852,18.738775723316607,ColEx,Freshwater
15,5,Ca_ppm,0.30382158086137817,0.2617564934022968,0.2852482080740604,ColEx,Freshwater
15,5,conductivity_uSpercm,20.354921169472885,19.31970853416282,20.054441116377376,ColEx,Freshwater
15,5,doc_mgperL,20.05648290600429,15.876148596250253,18.377221330544028,ColEx,Freshwater
15,6,Ca_ppm,0.2617519346416784,0.2218859920615478,0.24629206425250275,ColEx,Freshwater
15,6,conductivity_uSpercm,16.81405224037,15.811716772134181,16.453301439850478,ColEx,Freshwater
15,6,doc_mgperL,19.284261527747894,15.182329028926535,17.778991063844472,ColEx,Freshwater
15,7,Ca_ppm,0.2433588369881676,0.20638305756597158,0.22873611521687479,ColEx,Freshwater
15,7,conductivity_uSpercm,14.861052134708487,13.887736750488731,14.519611435739323,ColEx,Freshwater
15,7,doc_mgperL,18.525223159195328,14.441110566621582,16.97125231053861,ColEx,Freshwater
15,8,Ca_ppm,0.2348025084764427,0.19973769468798966,0.2205151811136955,ColEx,Freshwater
15,8,conductivity_uSpercm,13.871271023262734,12.897350670783524,13.471839020806115,ColEx,Freshwater
15,8,doc_mgperL,17.826899533533453,13.719362387074215,16.219790492380028,ColEx,Freshwater
15,9,Ca_ppm,0.231227505701332,0.19570120600665136,0.21602595589363105,ColEx,Freshwater
15,9,conductivity_uSpercm,13.307704098512374,12.338953895215788,12.911630971148456,ColEx,Freshwater
15,9,doc_mgperL,17.054424834829874,13.007603942516619,15.466847195513292,ColEx,Freshwater
15,10,Ca_ppm,0.2297017989082569,0.19377323442571992,0.21432076576406608,ColEx,Freshwater
15,10,conductivity_uSpercm,12.998360656461644,12.020296496406269,12.608415055001522,ColEx,Freshwater
15,10,doc_mgperL,16.536598154467335,11.882665447371965,14.753768021086158,ColEx,Freshwater
15,11,Ca_ppm,0.2290467100176167,0.19285235978913032,0.2136014115302729,ColEx,Freshwater
15,11,conductivity_uSpercm,12.839673409710887,11.84710727917078,12.444244163512165,ColEx,Freshwater
15,11,doc_mgperL,15.929438119711234,11.258766614647115,14.11689735180518,ColEx,Freshwater
15,12,Ca_ppm,0.2287457611279065,0.1924125110893594,0.21326988379966366,ColEx,Freshwater
15,12,conductivity_uSpercm,12.754307898317395,11.752979509843918,12.356497097510609,ColEx,Freshwater
15,12,doc_mgperL,15.337978961100418,10.717402141287895,13.578656134570226,ColEx,Freshwater
