plot,grid,evacuation_datetime,collection_datetime,mean_EC_uScm_15cm,min_EC_uScm_15cm,max_EC_uScm_15cm,doc_mg_l,tdn_mg_l,collection_date
Control,B4,2022-06-09T15:59:00Z,2022-06-13T15:59:00Z,82.69302081511111,0,284,10.19,0.53,2022-06-13
Control,B4,2022-06-22T15:59:00Z,2022-06-23T13:38:00Z,536.0038575286329,16,3061,11.82,0.37,2022-06-23
Control,B4,2022-07-14T16:07:00Z,2022-07-18T17:00:00Z,182.95419209761565,17,680,7.55,0.23,2022-07-18
Control,B4,2022-08-05T18:00:00Z,2022-08-08T19:00:00Z,135.3401496734874,25,447,10.61,0.45,2022-08-08
Control,B4,2022-11-25T15:23:00Z,2022-11-28T17:42:00Z,98.76165045814774,18,189,7.48,0.24,2022-11-28
Control,B4,2023-08-07T15:21:00Z,2023-08-10T15:01:00Z,125.28982393871796,10,537,14.75,0.51,2023-08-10
Control,B4,2023-12-08T15:12:00Z,2023-12-11T15:43:00Z,94.21772039180492,14,376,23.49,0.92,2023-12-11
Control,C3,2022-08-05T18:00:00Z,2022-08-08T19:00:00Z,135.3401496734874,25,447,16.66,0.49,2022-08-08
Control,C3,2022-11-28T16:20:00Z,2022-12-01T17:06:00Z,100.56446333199487,21,191,16.1,0.46,2022-12-01
Control,C3,2023-06-23T15:59:00Z,2023-06-28T15:59:00Z,285.83875760007254,12,1870,11.68,0.36,2023-06-28
Control,C6,2022-05-13T15:59:00Z,2022-05-18T15:59:00Z,88.02931346609233,13,286,9.235,0.365,2022-05-18
Control,C6,2022-06-09T15:59:00Z,2022-06-13T15:59:00Z,82.69302081511111,0,284,8.83,0.44,2022-06-13
Control,C6,2022-06-22T15:59:00Z,2022-06-23T13:38:00Z,536.0038575286329,16,3061,24.39,0.72,2022-06-23
Control,C6,2022-07-14T16:07:00Z,2022-07-18T17:00:00Z,182.95419209761565,17,680,12.69,1.44,2022-07-18
Control,C6,2022-08-05T18:00:00Z,2022-08-08T19:00:00Z,135.3401496734874,25,447,13.45,1.73,2022-08-08
Control,C6,2022-09-09T14:00:00Z,2022-09-12T14:35:00Z,69.44946401225175,6,214,17.31,0.59,2022-09-12
Control,C6,2022-10-17T15:59:00Z,2022-10-19T15:59:00Z,88.52864830642571,12,177,11.49,0.38,2022-10-19
Control,C6,2022-11-25T15:23:00Z,2022-11-28T17:42:00Z,98.76165045814774,18,189,8.28,0.28,2022-11-28
Control,C6,2023-01-30T15:00:00Z,2023-02-02T16:17:00Z,93.08383272117916,22,240,8.27,0.27,2023-02-02
Control,C6,2023-04-14T13:32:00Z,2023-04-17T13:25:00Z,99.33157756123347,26,266,8.4,0.34,2023-04-17
Control,C6,2023-05-12T15:26:00Z,2023-05-15T19:02:00Z,89.38294625082966,20,167,9.93,0.32,2023-05-15
Control,C6,2023-05-31T19:12:00Z,2023-06-03T18:41:00Z,91.36656053024716,18,209,21.48,0.32,2023-06-03
Control,C6,2023-06-23T16:31:00Z,2023-06-28T19:24:00Z,284.49157507187545,0,1870,12.88,0.43,2023-06-28
Control,C6,2023-08-07T15:15:00Z,2023-08-10T14:53:00Z,125.27427263810736,10,537,15.05,0.51,2023-08-10
Control,D5,2022-05-13T15:59:00Z,2022-05-18T15:59:00Z,88.02931346609233,13,286,18.36,0.66,2022-05-18
Control,D5,2022-06-23T15:59:00Z,2022-06-24T16:00:00Z,458.5961560726719,26,2064,19.76,0.56,2022-06-24
Control,D5,2022-07-18T15:30:00Z,2022-07-21T16:00:00Z,154.38749833282407,23,472,8.83,0.46,2022-07-21
Control,D5,2022-08-05T18:00:00Z,2022-08-08T19:00:00Z,135.3401496734874,25,447,11.37,0.41,2022-08-08
Control,D5,2022-09-12T14:28:00Z,2022-09-15T15:00:00Z,82.98422818791948,11,262,11.13,0.6,2022-09-15
Control,D5,2022-10-17T20:25:00Z,2022-10-19T20:57:00Z,88.27430582713936,11,177,6.9,0.24,2022-10-19
Control,D5,2022-11-25T15:23:00Z,2022-11-28T17:42:00Z,98.76165045814774,18,189,7.13,0.32,2022-11-28
Control,D5,2023-01-30T15:00:00Z,2023-02-02T16:17:00Z,93.08383272117916,22,240,7.77,0.29,2023-02-02
Control,D5,2023-06-23T18:12:00Z,2023-06-28T19:12:00Z,284.0148186556597,0,1870,9.77,0.32,2023-06-28
Control,D5,2023-08-07T15:27:00Z,2023-08-10T14:49:00Z,125.3197898095085,10,537,10.96,0.43,2023-08-10
Control,E3,2022-05-13T15:59:00Z,2022-05-18T15:59:00Z,88.02931346609233,13,286,9.88,0.5349999999999999,2022-05-18
Control,E3,2022-06-09T15:59:00Z,2022-06-15T15:59:00Z,84.32195702964266,0,286,10.3,0.45,2022-06-15
Control,E3,2022-06-23T15:59:00Z,2022-06-24T16:00:00Z,458.5961560726719,26,2064,11.68,0.72,2022-06-24
Control,E3,2022-08-05T18:00:00Z,2022-08-08T19:00:00Z,135.3401496734874,25,447,12.71,0.93,2022-08-08
Control,E3,2022-09-09T14:00:00Z,2022-09-12T14:35:00Z,69.44946401225175,6,214,11.21,0.52,2022-09-12
Control,E3,2022-10-17T20:25:00Z,2022-10-19T20:57:00Z,88.27430582713936,11,177,10.2,0.31,2022-10-19
Control,E3,2022-11-25T15:23:00Z,2022-11-28T17:42:00Z,98.76165045814774,18,189,8.79,0.32,2022-11-28
Control,E3,2023-01-30T15:00:00Z,2023-02-02T16:17:00Z,93.08383272117916,22,240,8.63,0.3,2023-02-02
Control,E3,2023-05-12T18:01:00Z,2023-05-15T18:46:00Z,89.40676095205389,20,167,9.92,0.48,2023-05-15
Control,E3,2023-06-23T18:06:00Z,2023-06-28T19:48:00Z,283.8347488672006,0,1870,10.14,0.38,2023-06-28
Control,E3,2023-08-07T15:40:00Z,2023-08-10T14:36:00Z,125.35993777108328,10,537,11.71,0.45,2023-08-10
Control,F4,2022-05-13T15:59:00Z,2022-05-18T15:59:00Z,88.02931346609233,13,286,8.13,0.47,2022-05-18
Control,F4,2022-08-05T18:00:00Z,2022-08-08T19:00:00Z,135.3401496734874,25,447,14.43,0.59,2022-08-08
Control,F4,2023-08-07T15:45:00Z,2023-08-10T14:27:00Z,125.38453896011559,10,537,19.54,0.72,2023-08-10
Control,F6,2022-05-13T15:59:00Z,2022-05-18T15:59:00Z,88.02931346609233,13,286,7.459999999999999,0.335,2022-05-18
Control,F6,2022-06-09T15:59:00Z,2022-06-15T15:59:00Z,84.32195702964266,0,286,13.77,0.57,2022-06-15
Control,F6,2022-06-23T15:59:00Z,2022-06-24T16:00:00Z,458.5961560726719,26,2064,19.97,0.75,2022-06-24
Control,F6,2022-07-18T15:30:00Z,2022-07-21T16:00:00Z,154.38749833282407,23,472,16.45,0.81,2022-07-21
Control,F6,2022-08-05T18:00:00Z,2022-08-08T19:00:00Z,135.3401496734874,25,447,15.7,0.5,2022-08-08
Control,F6,2022-10-17T20:25:00Z,2022-10-19T20:57:00Z,88.27430582713936,11,177,12.13,0.38,2022-10-19
Control,F6,2022-11-25T15:23:00Z,2022-11-28T17:42:00Z,98.76165045814774,18,189,14.55,0.42,2022-11-28
Control,F6,2023-01-30T15:00:00Z,2023-02-02T16:17:00Z,93.08383272117916,22,240,14.28,0.47,2023-02-02
Control,F6,2023-05-12T15:36:00Z,2023-05-15T16:50:00Z,89.4212004933549,20,167,15.58,0.41,2023-05-15
Control,F6,2023-06-23T18:15:00Z,2023-06-28T19:04:00Z,284.11132060011477,0,1870,17.37,0.49,2023-06-28
Control,F6,2023-08-07T15:36:00Z,2023-08-10T14:17:00Z,125.38511817364983,10,537,22.34,0.67,2023-08-10
Control,H3,2022-06-09T15:59:00Z,2022-06-15T15:59:00Z,84.32195702964266,0,286,21.45,0.59,2022-06-15
Control,H3,2022-06-23T15:59:00Z,2022-06-24T16:00:00Z,458.5961560726719,26,2064,22.94,0.82,2022-06-24
Control,H3,2022-07-14T16:07:00Z,2022-07-18T17:00:00Z,182.95419209761565,17,680,20.08,0.51,2022-07-18
Control,H3,2022-08-05T18:00:00Z,2022-08-08T19:00:00Z,135.3401496734874,25,447,20.09,0.61,2022-08-08
Control,H3,2022-09-12T14:28:00Z,2022-09-15T15:00:00Z,82.98422818791948,11,262,23.46,3.27,2022-09-15
Control,H3,2022-10-17T20:25:00Z,2022-10-19T20:57:00Z,88.27430582713936,11,177,19.4,0.59,2022-10-19
Control,H3,2022-11-25T15:23:00Z,2022-11-28T17:42:00Z,98.76165045814774,18,189,19.2,0.81,2022-11-28
Control,H3,2023-02-02T15:15:00Z,2023-02-06T15:35:00Z,90.5465999901955,23,246,14.7,0.42,2023-02-06
Control,H3,2023-04-14T13:03:00Z,2023-04-17T12:50:00Z,99.30904059040444,26,266,17.32,0.73,2023-04-17
Control,H3,2023-06-23T18:02:00Z,2023-06-28T18:33:00Z,284.2957877716936,0,1870,20.53,2.1,2023-06-28
Control,H3,2023-08-04T15:56:00Z,2023-08-07T16:00:00Z,123.89503108367654,9,446,17.57,0.6,2023-08-07
Control,H3,2023-12-08T14:46:00Z,2023-12-11T15:06:00Z,94.1907798252844,14,376,20.84,0.77,2023-12-11
Control,H6,2022-05-13T15:59:00Z,2022-05-18T15:59:00Z,88.02931346609233,13,286,13.92,0.47,2022-05-18
Control,H6,2022-06-09T15:59:00Z,2022-06-15T15:59:00Z,84.32195702964266,0,286,17.41,0.66,2022-06-15
Control,H6,2022-06-22T15:59:00Z,2022-06-22T20:34:00Z,610.2828467153421,16,3061,19.16,0.59,2022-06-22
Control,H6,2022-06-22T15:59:00Z,2022-06-23T13:38:00Z,536.0038575286329,16,3061,20.74,0.62,2022-06-23
Control,H6,2022-06-23T15:59:00Z,2022-06-24T16:00:00Z,458.5961560726719,26,2064,21.31,0.77,2022-06-24
Control,H6,2022-07-18T15:30:00Z,2022-07-21T16:00:00Z,154.38749833282407,23,472,16.28,1.15,2022-07-21
Control,H6,2022-08-05T18:00:00Z,2022-08-08T19:00:00Z,135.3401496734874,25,447,15.89,0.58,2022-08-08
Control,H6,2022-09-09T14:00:00Z,2022-09-12T14:35:00Z,69.44946401225175,6,214,25,0.84,2022-09-12
Control,H6,2022-10-17T20:25:00Z,2022-10-19T20:57:00Z,88.27430582713936,11,177,15.72,0.5,2022-10-19
Control,H6,2022-11-25T15:23:00Z,2022-11-28T17:42:00Z,98.76165045814774,18,189,15.01,0.46,2022-11-28
Control,H6,2023-01-30T15:00:00Z,2023-02-02T16:17:00Z,93.08383272117916,22,240,11.4,0.39,2023-02-02
Control,H6,2023-04-14T13:12:00Z,2023-04-17T13:02:00Z,99.30836569472825,26,266,12.12,0.47,2023-04-17
Control,H6,2023-05-12T15:36:00Z,2023-05-15T16:32:00Z,89.42285989540106,20,167,14.55,0.5,2023-05-15
Control,H6,2023-05-31T18:26:00Z,2023-06-03T18:15:00Z,91.38150326374927,18,209,24.67,0.53,2023-06-03
Control,H6,2023-06-08T20:47:00Z,2023-06-12T14:22:00Z,377.84929036571816,11,1903,16.2,0.75,2023-06-12
Control,H6,2023-06-23T18:18:00Z,2023-06-28T18:54:00Z,284.0906526442645,0,1870,19.3,0.67,2023-06-28
Control,H6,2023-07-05T16:15:00Z,2023-07-07T15:42:00Z,202.06758863806715,7,933,19.94,0.84,2023-07-07
Control,H6,2023-07-07T15:42:00Z,2023-07-10T16:55:00Z,188.91551009371437,10,894,21.17,1.2,2023-07-10
Control,H6,2023-08-04T16:03:00Z,2023-08-07T15:49:00Z,123.92285226455085,9,445,16.67,0.68,2023-08-07
Control,H6,2023-08-07T15:59:00Z,2023-08-10T15:59:00Z,125.31574543256868,10,537,17.54,0.65,2023-08-10
Control,H6,2023-12-08T15:00:00Z,2023-12-11T15:23:00Z,94.20795671547306,14,376,11.97,0.4,2023-12-11
Control,I5,2022-06-09T15:59:00Z,2022-06-13T15:59:00Z,82.69302081511111,0,284,19.15,0.84,2022-06-13
Control,I5,2022-06-22T15:59:00Z,2022-06-23T13:38:00Z,536.0038575286329,16,3061,22.93,0.67,2022-06-23
Control,I5,2022-06-23T15:59:00Z,2022-06-24T16:00:00Z,458.5961560726719,26,2064,26.29,1.45,2022-06-24
Control,I5,2022-07-14T15:59:00Z,2022-07-18T15:59:00Z,183.22013292265794,17,680,18.21,0.74,2022-07-18
Control,I5,2022-08-05T18:00:00Z,2022-08-08T19:00:00Z,135.3401496734874,25,447,23.39,0.71,2022-08-08
Control,I5,2022-09-12T14:28:00Z,2022-09-15T15:00:00Z,82.98422818791948,11,262,15.9,0.49,2022-09-15
Control,I5,2022-10-17T20:25:00Z,2022-10-19T20:57:00Z,88.27430582713936,11,177,14.79,0.39,2022-10-19
Control,I5,2022-11-25T15:23:00Z,2022-11-28T17:42:00Z,98.76165045814774,18,189,15.72,0.47,2022-11-28
Control,I5,2023-01-30T15:00:00Z,2023-02-02T16:17:00Z,93.08383272117916,22,240,14.91,0.41,2023-02-02
Control,I5,2023-04-14T13:31:00Z,2023-04-17T12:55:00Z,99.3448481633748,26,266,15.83,0.82,2023-04-17
Control,I5,2023-05-12T15:39:00Z,2023-05-15T16:25:00Z,89.43182131531883,20,167,15.39,0.48,2023-05-15
Control,I5,2023-05-31T18:36:00Z,2023-06-03T18:00:00Z,91.38713663263192,18,209,20.45,0.44,2023-06-03
Control,I5,2023-06-23T18:21:00Z,2023-06-28T18:40:00Z,284.1332784410623,0,1870,17.09,0.48,2023-06-28
Control,I5,2023-07-07T15:38:00Z,2023-07-10T17:10:00Z,188.90749629896175,10,894,19.03,0.74,2023-07-10
Control,I5,2023-08-07T15:56:00Z,2023-08-10T13:57:00Z,125.46100511642058,10,537,20.34,0.6,2023-08-10
Control,I5,2023-10-02T15:59:00Z,2023-10-05T15:59:00Z,78.37070836347002,5,304,13.19,0.43,2023-10-05
Control,I5,2023-12-05T14:50:00Z,2023-12-08T14:49:00Z,92.04569364345095,14,293,17.68,0.51,2023-12-08
Freshwater,B4,2022-06-22T15:59:00Z,2022-06-22T20:14:00Z,611.3615485564357,16,3061,16.87,1.63,2022-06-22
Freshwater,B4,2022-06-22T15:59:00Z,2022-06-23T13:38:00Z,536.0038575286329,16,3061,7.87,0.33,2022-06-23
Freshwater,B4,2022-06-23T15:59:00Z,2022-06-24T16:16:00Z,458.10335739660593,26,2064,9.79,0.36,2022-06-24
Freshwater,B4,2022-07-14T15:59:00Z,2022-07-18T15:59:00Z,183.22013292265794,17,680,11.88,1.07,2022-07-18
Freshwater,B4,2022-08-05T15:45:00Z,2022-08-08T16:50:00Z,135.57824001519842,25,447,12.08,0.49,2022-08-08
Freshwater,B4,2022-09-12T16:00:00Z,2022-09-15T16:48:00Z,83.09497420217757,11,262,16.62,2.87,2022-09-15
Freshwater,B4,2022-10-17T19:00:00Z,2022-10-19T19:39:00Z,88.33117440499294,11,177,13.23,0.38,2022-10-19
Freshwater,B4,2022-11-25T19:14:00Z,2022-11-28T20:28:00Z,98.9625891075005,18,189,12.31,0.6,2022-11-28
Freshwater,B4,2023-01-30T19:30:00Z,2023-02-02T20:30:00Z,93.16911336739336,23,240,11.29,0.49,2023-02-02
Freshwater,B4,2023-05-12T17:24:00Z,2023-05-15T20:45:00Z,89.3679483767948,19,167,7.94,0.27,2023-05-15
Freshwater,B4,2023-06-05T19:42:00Z,2023-06-06T20:30:00Z,246.91180931744785,0,2602,5.93,0.67,2023-06-06
Freshwater,B4,2023-06-07T13:34:00Z,2023-06-07T21:23:00Z,630.948282668793,0,2992,4.75,0.26,2023-06-07
Freshwater,B4,2023-06-23T17:04:00Z,2023-06-27T16:02:00Z,289.68245887452224,12,1870,11.69,0.55,2023-06-27
Freshwater,B4,2023-08-07T13:53:00Z,2023-08-10T17:34:00Z,124.87734430290693,10,537,14,0.55,2023-08-10
Freshwater,C3,2022-05-12T15:59:00Z,2022-05-18T15:59:00Z,87.43929897863939,12,286,7.01,0.33,2022-05-18
Freshwater,C3,2022-06-09T15:59:00Z,2022-06-13T15:59:00Z,82.69302081511111,0,284,10.55,0.52,2022-06-13
Freshwater,C3,2022-06-22T15:59:00Z,2022-06-22T16:45:00Z,575.5719063545151,16,2967,5.54,0.18,2022-06-22
Freshwater,C3,2022-06-22T15:59:00Z,2022-06-22T20:14:00Z,611.3615485564357,16,3061,9.72,0.25,2022-06-22
Freshwater,C3,2022-06-22T15:59:00Z,2022-06-23T13:38:00Z,536.0038575286329,16,3061,13.79,0.43,2022-06-23
Freshwater,C3,2022-06-23T15:59:00Z,2022-06-24T16:16:00Z,458.10335739660593,26,2064,18.09,1,2022-06-24
Freshwater,C3,2022-08-05T15:45:00Z,2022-08-08T16:50:00Z,135.57824001519842,25,447,14.84,0.53,2022-08-08
Freshwater,C3,2022-09-12T16:00:00Z,2022-09-15T16:48:00Z,83.09497420217757,11,262,21.35,0.72,2022-09-15
Freshwater,C3,2022-10-17T19:00:00Z,2022-10-19T19:39:00Z,88.33117440499294,11,177,12.5,0.38,2022-10-19
Freshwater,C3,2022-11-25T19:14:00Z,2022-11-28T20:28:00Z,98.9625891075005,18,189,15.94,0.52,2022-11-28
Freshwater,C3,2023-01-30T19:30:00Z,2023-02-02T20:30:00Z,93.16911336739336,23,240,12.3,0.48,2023-02-02
Freshwater,C3,2023-04-14T14:17:00Z,2023-04-17T14:55:00Z,99.33967550661161,26,266,13.39,0.59,2023-04-17
Freshwater,C3,2023-05-12T17:21:00Z,2023-05-15T20:55:00Z,89.37274176407931,19,167,7.51,0.29,2023-05-15
Freshwater,C3,2023-06-05T15:59:00Z,2023-06-06T20:40:00Z,229.25345020515138,0,2602,4.035,0.225,2023-06-06
Freshwater,C3,2023-06-06T20:40:00Z,2023-06-07T13:02:00Z,448.0361136571957,14,2848,6.18,0.31,2023-06-07
Freshwater,C3,2023-06-07T13:02:00Z,2023-06-07T21:34:00Z,629.2805232558114,0,2992,4.51,0.19,2023-06-07
Freshwater,C3,2023-06-07T21:34:00Z,2023-06-08T20:13:00Z,486.63408521300875,13,2879,4.95,0.27,2023-06-08
Freshwater,C3,2023-06-12T13:39:00Z,2023-06-14T19:02:00Z,295.55856350222786,11,2075,6.84,0.31,2023-06-14
Freshwater,C3,2023-06-23T17:06:00Z,2023-06-27T16:11:00Z,289.60195854519446,12,1870,11.49,0.4,2023-06-27
Freshwater,C3,2023-07-07T14:09:00Z,2023-07-10T15:05:00Z,189.1571267223793,10,894,13.4,0.46,2023-07-10
Freshwater,C3,2023-08-04T16:54:00Z,2023-08-07T13:47:00Z,124.15976635513715,9,445,13.2,0.55,2023-08-07
Freshwater,C6,2022-06-09T15:59:00Z,2022-06-15T15:59:00Z,84.32195702964266,0,286,8.43,0.4,2022-06-15
Freshwater,C6,2022-06-18T15:59:00Z,2022-06-20T14:15:00Z,79.039764536279,10,280,8.27,0.36,2022-06-20
Freshwater,C6,2022-06-22T15:59:00Z,2022-06-22T16:45:00Z,575.5719063545151,16,2967,1.27,0.08,2022-06-22
Freshwater,C6,2022-06-22T15:59:00Z,2022-06-23T13:38:00Z,536.0038575286329,16,3061,8.39,0.34,2022-06-23
Freshwater,C6,2022-06-23T15:59:00Z,2022-06-24T16:16:00Z,458.10335739660593,26,2064,7.03,0.31,2022-06-24
Freshwater,C6,2022-07-14T14:30:00Z,2022-07-18T15:15:00Z,183.66193610534256,17,680,7.21,0.23,2022-07-18
Freshwater,C6,2022-08-05T15:45:00Z,2022-08-08T16:50:00Z,135.57824001519842,25,447,9.31,0.41,2022-08-08
Freshwater,C6,2022-09-12T16:00:00Z,2022-09-15T16:48:00Z,83.09497420217757,11,262,8.6,0.37,2022-09-15
Freshwater,C6,2022-10-17T19:00:00Z,2022-10-19T19:39:00Z,88.33117440499294,11,177,11.44,0.32,2022-10-19
Freshwater,C6,2022-11-28T19:20:00Z,2022-12-01T19:49:00Z,100.50896925650285,21,191,9.79,0.81,2022-12-01
Freshwater,C6,2023-01-30T19:30:00Z,2023-02-02T20:30:00Z,93.16911336739336,23,240,7.2,0.39,2023-02-02
Freshwater,C6,2023-04-14T15:45:00Z,2023-04-17T14:44:00Z,99.45295842217512,26,266,12.22,2.54,2023-04-17
Freshwater,C6,2023-05-12T17:26:00Z,2023-05-15T20:28:00Z,89.3787219805948,20,167,7.45,0.34,2023-05-15
Freshwater,C6,2023-08-04T16:45:00Z,2023-08-07T13:31:00Z,124.21422891623524,9,445,7.51,0.42,2023-08-07
Freshwater,D5,2022-06-09T15:59:00Z,2022-06-13T15:59:00Z,82.69302081511111,0,284,9.54,0.4,2022-06-13
Freshwater,D5,2022-06-22T15:59:00Z,2022-06-22T16:45:00Z,575.5719063545151,16,2967,4.67,0.16,2022-06-22
Freshwater,D5,2022-06-22T15:59:00Z,2022-06-22T20:14:00Z,611.3615485564357,16,3061,5.9,0.28,2022-06-22
Freshwater,D5,2022-06-22T15:59:00Z,2022-06-23T13:38:00Z,536.0038575286329,16,3061,6.94,0.29,2022-06-23
Freshwater,D5,2022-06-23T15:59:00Z,2022-06-24T16:16:00Z,458.10335739660593,26,2064,8.09,0.28,2022-06-24
Freshwater,D5,2022-07-14T14:30:00Z,2022-07-18T15:15:00Z,183.66193610534256,17,680,12.17,1.27,2022-07-18
Freshwater,D5,2022-08-05T15:45:00Z,2022-08-08T16:50:00Z,135.57824001519842,25,447,18.81,0.75,2022-08-08
Freshwater,D5,2022-09-12T16:00:00Z,2022-09-15T16:48:00Z,83.09497420217757,11,262,17.36,0.57,2022-09-15
Freshwater,D5,2022-10-17T19:00:00Z,2022-10-19T19:39:00Z,88.33117440499294,11,177,15.08,0.48,2022-10-19
Freshwater,D5,2022-11-25T19:14:00Z,2022-11-28T20:28:00Z,98.9625891075005,18,189,15.13,0.43,2022-11-28
Freshwater,D5,2023-01-30T19:30:00Z,2023-02-02T20:30:00Z,93.16911336739336,23,240,10.41,0.35,2023-02-02
Freshwater,D5,2023-04-14T14:13:00Z,2023-04-17T15:01:00Z,99.32145407335474,26,266,10.7,0.37,2023-04-17
Freshwater,D5,2023-05-12T14:50:00Z,2023-05-15T20:37:00Z,89.36171310629638,20,167,11.23,0.35,2023-05-15
Freshwater,D5,2023-05-31T17:26:00Z,2023-06-03T19:52:00Z,91.37207415267301,17,209,10.05,0.36,2023-06-03
Freshwater,D5,2023-06-03T15:59:00Z,2023-06-05T15:59:00Z,88.21805294975917,0,190,5.19,0.2,2023-06-05
Freshwater,D5,2023-06-05T19:47:00Z,2023-06-06T20:50:00Z,254.7449521785267,0,2602,5.95,0.25,2023-06-06
Freshwater,D5,2023-06-06T20:50:00Z,2023-06-07T13:21:00Z,450.4186807196306,14,2875,7.08,0.24,2023-06-07
Freshwater,D5,2023-06-07T13:21:00Z,2023-06-07T22:05:00Z,630.2506168487738,0,2992,5.98,0.24,2023-06-07
Freshwater,D5,2023-06-07T22:05:00Z,2023-06-08T19:55:00Z,484.26572091124694,13,2854,5.88,0.27,2023-06-08
Freshwater,D5,2023-06-08T19:55:00Z,2023-06-12T13:44:00Z,378.28864022384124,11,1917,6.77,0.3,2023-06-12
Freshwater,D5,2023-06-12T13:44:00Z,2023-06-14T19:13:00Z,295.3450249665312,11,2075,8.14,0.35,2023-06-14
Freshwater,D5,2023-06-23T17:23:00Z,2023-06-27T15:49:00Z,289.6365030139501,12,1870,13.08,0.36,2023-06-27
Freshwater,D5,2023-07-07T13:58:00Z,2023-07-10T14:55:00Z,189.19469666166793,10,894,14.07,0.52,2023-07-10
Freshwater,D5,2023-08-04T16:49:00Z,2023-08-07T13:20:00Z,124.22063104516468,9,445,11.97,0.48,2023-08-07
Freshwater,D5,2023-12-05T16:07:00Z,2023-12-08T16:26:00Z,91.9914810374159,14,293,11.31,0.35,2023-12-08
Freshwater,E3,2022-05-12T15:59:00Z,2022-05-18T15:59:00Z,87.43929897863939,12,286,13.84,0.6,2022-05-18
Freshwater,E3,2022-06-22T15:59:00Z,2022-06-22T16:45:00Z,575.5719063545151,16,2967,6.03,0.3,2022-06-22
Freshwater,E3,2022-06-22T15:59:00Z,2022-06-22T20:14:00Z,611.3615485564357,16,3061,6.74,0.23,2022-06-22
Freshwater,E3,2022-06-22T15:59:00Z,2022-06-23T13:38:00Z,536.0038575286329,16,3061,7.32,0.27,2022-06-23
Freshwater,E3,2022-06-23T15:59:00Z,2022-06-24T16:16:00Z,458.10335739660593,26,2064,10.51,0.36,2022-06-24
Freshwater,E3,2022-07-14T14:30:00Z,2022-07-18T15:15:00Z,183.66193610534256,17,680,9.61,0.79,2022-07-18
Freshwater,E3,2022-08-05T15:45:00Z,2022-08-08T16:50:00Z,135.57824001519842,25,447,10.3,0.54,2022-08-08
Freshwater,E3,2022-09-12T16:00:00Z,2022-09-15T16:48:00Z,83.09497420217757,11,262,8.16,0.4,2022-09-15
Freshwater,E3,2022-10-17T19:00:00Z,2022-10-19T19:39:00Z,88.33117440499294,11,177,10.08,0.35,2022-10-19
Freshwater,E3,2022-11-25T19:14:00Z,2022-11-28T20:28:00Z,98.9625891075005,18,189,10.03,0.48,2022-11-28
Freshwater,E3,2023-02-02T16:00:00Z,2023-02-06T16:08:00Z,90.52428234369026,23,246,10.96,1.31,2023-02-06
Freshwater,E3,2023-05-12T21:34:00Z,2023-05-15T17:17:00Z,89.451103867238,20,167,6.88,0.26,2023-05-15
Freshwater,E3,2023-06-23T17:29:00Z,2023-06-27T15:30:00Z,289.6787412588194,12,1870,7.34,0.35,2023-06-27
Freshwater,E3,2023-08-04T18:33:00Z,2023-08-07T13:41:00Z,124.04315925766254,9,445,7.22,0.42,2023-08-07
Freshwater,F4,2022-06-09T15:59:00Z,2022-06-13T15:59:00Z,82.69302081511111,0,284,10.91,0.05,2022-06-13
Freshwater,F4,2022-06-22T15:59:00Z,2022-06-22T16:45:00Z,575.5719063545151,16,2967,10.45,0.49,2022-06-22
Freshwater,F4,2022-06-22T15:59:00Z,2022-06-22T20:14:00Z,611.3615485564357,16,3061,8.13,0.27,2022-06-22
Freshwater,F4,2022-06-22T15:59:00Z,2022-06-23T13:38:00Z,536.0038575286329,16,3061,9.6,0.32,2022-06-23
Freshwater,F4,2022-06-23T15:59:00Z,2022-06-24T16:16:00Z,458.10335739660593,26,2064,11.22,0.49,2022-06-24
Freshwater,F4,2022-08-05T15:45:00Z,2022-08-08T16:50:00Z,135.57824001519842,25,447,14.67,0.73,2022-08-08
Freshwater,F4,2022-09-12T15:59:00Z,2022-09-15T15:59:00Z,83.1284443585038,11,262,13.3,0.75,2022-09-15
Freshwater,F4,2023-06-05T19:21:00Z,2023-06-06T21:16:00Z,259.6722008503684,0,2602,6.575,0.29000000000000004,2023-06-06
Freshwater,F4,2023-06-07T12:40:00Z,2023-06-07T21:54:00Z,628.1331775701123,0,2992,4.65,0.2,2023-06-07
Freshwater,F4,2023-06-07T21:54:00Z,2023-06-08T20:32:00Z,483.30678971657187,13,2862,5.57,0.28,2023-06-08
Freshwater,F4,2023-06-23T17:32:00Z,2023-06-27T15:17:00Z,289.6432832677721,12,1870,12.19,0.42,2023-06-27
Freshwater,F4,2023-07-07T13:44:00Z,2023-07-10T14:35:00Z,189.2307727087766,10,895,14.93,0.57,2023-07-10
Freshwater,F4,2023-08-04T17:02:00Z,2023-08-07T13:04:00Z,124.24863892439046,9,445,12.12,0.52,2023-08-07
Freshwater,F4,2023-12-08T16:44:00Z,2023-12-11T18:18:00Z,94.36114070824684,14,376,15.21,0.44,2023-12-11
Freshwater,F6,2022-06-22T15:59:00Z,2022-06-22T20:14:00Z,611.3615485564357,16,3061,7.4,0.26,2022-06-22
Freshwater,F6,2022-06-23T15:59:00Z,2022-06-24T16:16:00Z,458.10335739660593,26,2064,13.74,0.56,2022-06-24
Freshwater,F6,2022-09-12T16:00:00Z,2022-09-15T16:48:00Z,83.09497420217757,11,262,16.19,0.76,2022-09-15
Freshwater,F6,2023-01-30T19:30:00Z,2023-02-02T20:30:00Z,93.16911336739336,23,240,13.77,0.64,2023-02-02
Freshwater,F6,2023-05-12T17:14:00Z,2023-05-15T21:46:00Z,89.3494433529802,19,167,14.77,0.37,2023-05-15
Freshwater,F6,2023-06-23T17:26:00Z,2023-06-27T15:40:00Z,289.60538257467914,12,1870,11.95,0.42,2023-06-27
Freshwater,F6,2023-08-07T13:16:00Z,2023-08-10T17:07:00Z,124.82647071804301,10,537,15.04,1.61,2023-08-10
Freshwater,F6,2023-12-05T16:26:00Z,2023-12-08T17:08:00Z,91.98713362203584,14,293,14.66,0.45,2023-12-08
Freshwater,H3,2022-06-09T15:59:00Z,2022-06-15T15:59:00Z,84.32195702964266,0,286,5.06,0.28,2022-06-15
Freshwater,H3,2022-06-22T15:59:00Z,2022-06-22T16:45:00Z,575.5719063545151,16,2967,5.62,0.24,2022-06-22
Freshwater,H3,2022-06-22T15:59:00Z,2022-06-22T20:14:00Z,611.3615485564357,16,3061,4.86,0.21,2022-06-22
Freshwater,H3,2022-06-22T15:59:00Z,2022-06-23T13:38:00Z,536.0038575286329,16,3061,10.23,0.3,2022-06-23
Freshwater,H3,2022-06-23T15:59:00Z,2022-06-24T16:16:00Z,458.10335739660593,26,2064,9.86,0.37,2022-06-24
Freshwater,H3,2022-08-05T15:45:00Z,2022-08-08T16:50:00Z,135.57824001519842,25,447,11.59,0.46,2022-08-08
Freshwater,H3,2022-10-17T19:00:00Z,2022-10-19T19:39:00Z,88.33117440499294,11,177,11.76,0.5,2022-10-19
Freshwater,H3,2022-11-25T19:14:00Z,2022-11-28T20:28:00Z,98.9625891075005,18,189,9.01,0.34,2022-11-28
Freshwater,H3,2023-01-30T19:30:00Z,2023-02-02T20:30:00Z,93.16911336739336,23,240,8.89,0.34,2023-02-02
Freshwater,H3,2023-04-14T14:10:00Z,2023-04-17T15:11:00Z,99.31662457094808,26,266,8.59,0.32,2023-04-17
Freshwater,H3,2023-05-12T14:38:00Z,2023-05-15T21:15:00Z,89.34630102040846,19,167,9.76,0.68,2023-05-15
Freshwater,H3,2023-06-05T15:59:00Z,2023-06-06T22:00:00Z,251.55682985278872,0,2602,4.16,0.19,2023-06-06
Freshwater,H3,2023-06-06T22:00:00Z,2023-06-07T12:27:00Z,436.3776895759529,14,2829,4.69,0.23,2023-06-07
Freshwater,H3,2023-06-07T12:27:00Z,2023-06-07T20:54:00Z,628.0802650957412,0,2992,4.17,0.21,2023-06-07
Freshwater,H3,2023-06-23T17:34:00Z,2023-06-27T15:08:00Z,289.65146774480786,12,1870,6.84,0.3,2023-06-27
Freshwater,H3,2023-08-07T17:04:00Z,2023-08-10T17:22:00Z,125.39268857012013,10,537,9.2,0.42,2023-08-10
Freshwater,H3,2023-09-29T19:48:00Z,2023-10-02T13:51:00Z,85.61048444549368,5,314,9.29,0.48,2023-10-02
Freshwater,H3,2023-12-05T16:17:00Z,2023-12-08T16:48:00Z,91.99175582126709,14,293,8.48,0.29,2023-12-08
Freshwater,H6,2022-05-18T15:59:00Z,2022-05-20T15:59:00Z,85.61685490877561,13,286,9.03,0.45,2022-05-20
Freshwater,H6,2022-06-09T15:59:00Z,2022-06-13T15:59:00Z,82.69302081511111,0,284,13.55,0.66,2022-06-13
Freshwater,H6,2022-06-18T15:59:00Z,2022-06-20T14:15:00Z,79.039764536279,10,280,14.41,0.54,2022-06-20
Freshwater,H6,2022-06-22T15:59:00Z,2022-06-22T20:14:00Z,611.3615485564357,16,3061,2.81,0.08,2022-06-22
Freshwater,H6,2022-06-22T15:59:00Z,2022-06-23T13:38:00Z,536.0038575286329,16,3061,10.03,0.35,2022-06-23
Freshwater,H6,2022-06-23T15:59:00Z,2022-06-24T16:16:00Z,458.10335739660593,26,2064,10.37,0.42,2022-06-24
Freshwater,H6,2022-07-14T14:30:00Z,2022-07-18T15:15:00Z,183.66193610534256,17,680,11.01,0.46,2022-07-18
Freshwater,H6,2022-08-05T15:45:00Z,2022-08-08T16:50:00Z,135.57824001519842,25,447,14.9,1.9,2022-08-08
Freshwater,H6,2022-09-09T15:25:00Z,2022-09-12T16:07:00Z,69.58873589596433,6,214,20.45,0.79,2022-09-12
Freshwater,H6,2022-10-17T19:00:00Z,2022-10-19T19:39:00Z,88.33117440499294,11,177,15.04,0.56,2022-10-19
Freshwater,H6,2022-11-25T19:14:00Z,2022-11-28T20:28:00Z,98.9625891075005,18,189,16.53,0.62,2022-11-28
Freshwater,H6,2023-01-30T19:30:00Z,2023-02-02T20:30:00Z,93.16911336739336,23,240,11.86,1.71,2023-02-02
Freshwater,H6,2023-04-14T14:19:00Z,2023-04-17T15:23:00Z,99.3234894113065,26,266,12.89,0.6,2023-04-17
Freshwater,H6,2023-05-12T14:40:00Z,2023-05-15T21:34:00Z,89.3436109345198,19,167,12.36,0.52,2023-05-15
Freshwater,H6,2023-06-06T21:36:00Z,2023-06-07T12:15:00Z,435.75685143208375,14,2829,8.28,0.41,2023-06-07
Freshwater,H6,2023-06-07T12:15:00Z,2023-06-07T20:43:00Z,627.362043795606,0,2992,8.16,0.54,2023-06-07
Freshwater,H6,2023-06-07T20:43:00Z,2023-06-08T19:43:00Z,493.1395892903456,12,2906,8.49,0.4,2023-06-08
Freshwater,H6,2023-06-14T19:49:00Z,2023-06-17T16:34:00Z,264.1158773571175,10,1274,10.84,0.52,2023-06-17
Freshwater,H6,2023-07-07T13:32:00Z,2023-07-10T14:25:00Z,189.23080401552633,10,895,14.53,0.68,2023-07-10
Freshwater,I5,2022-06-09T15:59:00Z,2022-06-13T15:59:00Z,82.69302081511111,0,284,12.73,0.78,2022-06-13
Freshwater,I5,2022-06-18T15:59:00Z,2022-06-20T14:15:00Z,79.039764536279,10,280,15.67,0.7,2022-06-20
Freshwater,I5,2022-06-22T15:59:00Z,2022-06-22T16:45:00Z,575.5719063545151,16,2967,26.89,0.42,2022-06-22
Freshwater,I5,2022-06-22T15:59:00Z,2022-06-22T20:14:00Z,611.3615485564357,16,3061,18.61,0.3,2022-06-22
Freshwater,I5,2022-06-22T15:59:00Z,2022-06-23T13:38:00Z,536.0038575286329,16,3061,13.92,0.58,2022-06-23
Freshwater,I5,2022-06-23T15:59:00Z,2022-06-24T16:16:00Z,458.10335739660593,26,2064,14.52,0.54,2022-06-24
Freshwater,I5,2022-07-14T14:30:00Z,2022-07-18T15:15:00Z,183.66193610534256,17,680,14.7,0.57,2022-07-18
Freshwater,I5,2022-08-05T15:45:00Z,2022-08-08T16:50:00Z,135.57824001519842,25,447,16.38,0.6,2022-08-08
Freshwater,I5,2022-09-09T15:25:00Z,2022-09-12T16:07:00Z,69.58873589596433,6,214,23.83,1.16,2022-09-12
Freshwater,I5,2022-09-12T16:00:00Z,2022-09-15T16:48:00Z,83.09497420217757,11,262,22.43,0.8,2022-09-15
Freshwater,I5,2022-10-17T19:00:00Z,2022-10-19T19:39:00Z,88.33117440499294,11,177,21.68,0.86,2022-10-19
Freshwater,I5,2022-11-25T19:14:00Z,2022-11-28T20:28:00Z,98.9625891075005,18,189,15.15,0.58,2022-11-28
Freshwater,I5,2023-01-30T19:30:00Z,2023-02-02T20:30:00Z,93.16911336739336,23,240,13.09,0.58,2023-02-02
Freshwater,I5,2023-04-14T14:17:00Z,2023-04-17T15:17:00Z,99.32419469829716,26,266,12.43,0.47,2023-04-17
Freshwater,I5,2023-05-12T14:36:00Z,2023-05-15T21:26:00Z,89.35169383596379,19,167,11.96,0.42,2023-05-15
Freshwater,I5,2023-05-31T17:05:00Z,2023-06-03T20:09:00Z,91.3800148588405,17,209,11.05,0.4,2023-06-03
Freshwater,I5,2023-06-05T15:59:00Z,2023-06-06T21:45:00Z,248.0493741307401,0,2602,4.44,0.24,2023-06-06
Freshwater,I5,2023-06-06T21:45:00Z,2023-06-07T12:01:00Z,432.66026992831405,14,2809,7.46,0.46,2023-06-07
Freshwater,I5,2023-06-07T12:01:00Z,2023-06-07T21:04:00Z,626.217062263493,0,2992,4.08,0.18,2023-06-07
Freshwater,I5,2023-06-07T21:04:00Z,2023-06-08T19:28:00Z,492.20218724995357,13,2895,6.64,0.49,2023-06-08
Freshwater,I5,2023-06-08T19:28:00Z,2023-06-12T14:09:00Z,378.3839910255395,11,1917,8.2,0.39,2023-06-12
Freshwater,I5,2023-06-12T14:09:00Z,2023-06-14T19:36:00Z,294.48421309274585,11,2075,10.73,0.42,2023-06-14
Freshwater,I5,2023-06-14T19:36:00Z,2023-06-17T16:25:00Z,264.0344166427279,10,1274,11.25,0.46,2023-06-17
Freshwater,I5,2023-06-23T17:36:00Z,2023-06-27T14:54:00Z,289.7022364893073,12,1870,13.21,0.5,2023-06-27
Freshwater,I5,2023-07-05T18:16:00Z,2023-07-07T13:20:00Z,201.9990281100472,7,933,15.8,1.19,2023-07-07
Freshwater,I5,2023-08-04T17:05:00Z,2023-08-07T12:45:00Z,124.26661914944172,9,445,14.73,0.64,2023-08-07
Freshwater,I5,2023-10-02T13:33:00Z,2023-10-05T14:37:00Z,78.55693706524228,5,304,25.54,2.69,2023-10-05
Freshwater,I5,2023-12-05T16:22:00Z,2023-12-08T16:56:00Z,91.98679494434886,14,293,16.98,0.57,2023-12-08
Saltwater,B4,2022-06-09T15:59:00Z,2022-06-13T15:59:00Z,82.69302081511111,0,284,20.02,0.6,2022-06-13
Saltwater,B4,2022-06-22T15:59:00Z,2022-06-22T16:47:00Z,575.5719063545151,16,2967,11.37,0.48,2022-06-22
Saltwater,B4,2022-06-22T15:59:00Z,2022-06-22T20:14:00Z,611.3615485564357,16,3061,7.3,0.47,2022-06-22
Saltwater,B4,2022-06-22T15:59:00Z,2022-06-23T13:41:00Z,535.9310874856228,16,3061,9.22,0.52,2022-06-23
Saltwater,B4,2022-06-23T15:59:00Z,2022-06-24T16:15:00Z,458.10335739660593,26,2064,8.94,0.52,2022-06-24
Saltwater,B4,2022-07-14T15:20:00Z,2022-07-18T16:05:00Z,183.32772083157562,17,680,21.99,0.7,2022-07-18
Saltwater,B4,2022-08-05T16:55:00Z,2022-08-08T17:56:00Z,135.46078384684887,25,447,84.9,1.95,2022-08-08
Saltwater,B4,2022-09-09T14:40:00Z,2022-09-12T15:20:00Z,69.52129846536334,6,214,75.62,1.8,2022-09-12
Saltwater,B4,2022-10-17T19:40:00Z,2022-10-19T20:20:00Z,88.30138694093877,11,177,52.57,1.33,2022-10-19
Saltwater,B4,2022-11-25T17:45:00Z,2022-11-28T19:02:00Z,98.87275108175942,18,189,65.26,1.49,2022-11-28
Saltwater,B4,2023-01-30T16:30:00Z,2023-02-02T17:30:00Z,93.11464597478061,23,240,42.47,1.11,2023-02-02
Saltwater,B4,2023-04-14T14:01:00Z,2023-04-17T13:49:00Z,99.35432603534657,26,266,49.13,1.19,2023-04-17
Saltwater,B4,2023-05-12T14:59:00Z,2023-05-15T19:11:00Z,89.3811623774119,20,167,50.34,2.75,2023-05-15
Saltwater,B4,2023-05-31T18:05:00Z,2023-06-03T19:06:00Z,91.37433223098574,17,209,67.48,1.45,2023-06-03
Saltwater,B4,2023-06-06T20:31:00Z,2023-06-07T13:02:00Z,448.39216043757403,14,2848,4.18,0.29,2023-06-07
Saltwater,B4,2023-06-07T13:02:00Z,2023-06-07T21:23:00Z,629.4946196660547,0,2992,4.27,0.36,2023-06-07
Saltwater,B4,2023-06-07T21:23:00Z,2023-06-08T18:15:00Z,494.1156044584447,13,2888,5.01,0.37,2023-06-08
Saltwater,B4,2023-06-12T13:35:00Z,2023-06-14T16:14:00Z,297.5939405610175,11,2075,7.82,0.48,2023-06-14
Saltwater,B4,2023-06-14T16:14:00Z,2023-06-17T15:33:00Z,263.83652689063723,10,1274,5.88,0.41,2023-06-17
Saltwater,B4,2023-06-23T16:39:00Z,2023-06-27T18:31:00Z,289.3354845215731,12,1870,6.73,0.48,2023-06-27
Saltwater,B4,2023-07-05T16:39:00Z,2023-07-07T14:20:00Z,202.15034841979661,7,933,7.82,0.74,2023-07-07
Saltwater,B4,2023-08-04T16:18:00Z,2023-08-07T14:58:00Z,124.0288685182622,9,445,16.93,0.7,2023-08-07
Saltwater,B4,2023-12-05T15:38:00Z,2023-12-08T15:31:00Z,92.0199797031612,14,293,86.41,1.97,2023-12-08
Saltwater,B4,2023-12-08T15:31:00Z,2023-12-11T16:49:00Z,94.27834467119636,14,376,51.56,1.22,2023-12-11
Saltwater,C3,2022-06-09T15:59:00Z,2022-06-13T15:59:00Z,82.69302081511111,0,284,23.65,0.99,2022-06-13
Saltwater,C3,2022-06-22T15:59:00Z,2022-06-22T16:47:00Z,575.5719063545151,16,2967,15.5,0.93,2022-06-22
Saltwater,C3,2022-06-22T15:59:00Z,2022-06-22T20:14:00Z,611.3615485564357,16,3061,8.48,0.5,2022-06-22
Saltwater,C3,2022-06-22T15:59:00Z,2022-06-23T13:41:00Z,535.9310874856228,16,3061,13.23,1.19,2022-06-23
Saltwater,C3,2022-06-23T15:59:00Z,2022-06-24T16:15:00Z,458.10335739660593,26,2064,14.34,1.36,2022-06-24
Saltwater,C3,2022-07-14T15:20:00Z,2022-07-18T16:05:00Z,183.32772083157562,17,680,9.15,0.47,2022-07-18
Saltwater,C3,2022-08-05T16:55:00Z,2022-08-08T17:56:00Z,135.46078384684887,25,447,16.19,0.6,2022-08-08
Saltwater,C3,2022-09-12T15:12:00Z,2022-09-15T15:58:00Z,83.04148126884016,11,262,21.94,3.06,2022-09-15
Saltwater,C3,2022-10-17T19:40:00Z,2022-10-19T20:20:00Z,88.30138694093877,11,177,14.76,0.51,2022-10-19
Saltwater,C3,2022-11-25T17:45:00Z,2022-11-28T19:02:00Z,98.87275108175942,18,189,23.28,0.94,2022-11-28
Saltwater,C3,2023-01-30T16:30:00Z,2023-02-02T17:30:00Z,93.11464597478061,23,240,45.24,1.47,2023-02-02
Saltwater,C3,2023-04-14T15:29:00Z,2023-04-17T13:38:00Z,99.46552537574892,26,266,53.19,1.59,2023-04-17
Saltwater,C3,2023-05-12T15:02:00Z,2023-05-15T19:37:00Z,89.38339014158325,20,167,53.12,1.41,2023-05-15
Saltwater,C3,2023-06-05T15:59:00Z,2023-06-06T20:19:00Z,220.89018781142548,0,2602,8.3,0.4,2023-06-06
Saltwater,C3,2023-06-06T20:19:00Z,2023-06-07T12:51:00Z,448.37062556660413,14,2847,6.15,0.37,2023-06-07
Saltwater,C3,2023-06-07T12:15:00Z,2023-06-07T21:33:00Z,626.8338298576781,0,2992,5.71,0.34,2023-06-07
Saltwater,C3,2023-06-07T21:33:00Z,2023-06-08T18:05:00Z,493.7399767577227,13,2879,6.32,0.43,2023-06-08
Saltwater,C3,2023-06-12T12:48:00Z,2023-06-14T16:01:00Z,298.76595070643526,11,2075,7.45,0.64,2023-06-14
Saltwater,C3,2023-06-14T16:01:00Z,2023-06-17T14:48:00Z,263.6995331465455,10,1274,9.14,0.91,2023-06-17
Saltwater,C3,2023-06-23T16:35:00Z,2023-06-27T18:42:00Z,289.2661704054446,12,1870,8.13,0.48,2023-06-27
Saltwater,C3,2023-07-05T16:35:00Z,2023-07-07T14:31:00Z,202.14896744836,7,933,9.05,0.59,2023-07-07
Saltwater,C3,2023-08-04T16:21:00Z,2023-08-07T15:04:00Z,124.01367989056955,9,445,9.68,0.58,2023-08-07
Saltwater,C3,2023-09-29T15:13:00Z,2023-10-02T15:38:00Z,85.70924251447553,5,314,12.36,0.7,2023-10-02
Saltwater,C3,2023-12-08T15:25:00Z,2023-12-11T16:45:00Z,94.27120241235663,14,376,34.13,2.19,2023-12-11
Saltwater,C6,2022-06-09T15:59:00Z,2022-06-15T15:59:00Z,84.32195702964266,0,286,21.12,0.97,2022-06-15
Saltwater,C6,2022-06-22T15:59:00Z,2022-06-23T13:41:00Z,535.9310874856228,16,3061,7.42,0.78,2022-06-23
Saltwater,C6,2022-06-23T15:59:00Z,2022-06-24T16:15:00Z,458.10335739660593,26,2064,10.46,0.84,2022-06-24
Saltwater,C6,2022-07-14T15:20:00Z,2022-07-18T16:05:00Z,183.32772083157562,17,680,19.29,5.07,2022-07-18
Saltwater,C6,2022-09-12T15:12:00Z,2022-09-15T15:58:00Z,83.04148126884016,11,262,54.58,1.84,2022-09-15
Saltwater,C6,2022-10-17T19:40:00Z,2022-10-19T20:20:00Z,88.30138694093877,11,177,45.83,2,2022-10-19
Saltwater,C6,2022-11-28T17:10:00Z,2022-12-01T17:46:00Z,100.5429179611092,21,191,44.24,3.32,2022-12-01
Saltwater,C6,2023-01-30T16:30:00Z,2023-02-02T17:30:00Z,93.11464597478061,23,240,39.86,1.82,2023-02-02
Saltwater,C6,2023-04-14T15:36:00Z,2023-04-17T13:54:00Z,99.4749814802343,26,266,34.28,1.19,2023-04-17
Saltwater,C6,2023-06-23T16:42:00Z,2023-06-27T18:21:00Z,289.3436783932502,12,1870,3.78,0.25,2023-06-27
Saltwater,C6,2023-08-04T16:23:00Z,2023-08-07T14:53:00Z,124.0384843914356,9,445,19.99,0.88,2023-08-07
Saltwater,C6,2023-08-07T15:59:00Z,2023-08-10T15:59:00Z,125.31574543256868,10,537,46.25,1.63,2023-08-10
Saltwater,C6,2023-12-08T16:59:00Z,2023-12-11T16:59:00Z,94.34059735930909,14,376,12.3,0.56,2023-12-11
Saltwater,D5,2022-06-09T15:59:00Z,2022-06-13T15:59:00Z,82.69302081511111,0,284,11.32,0.58,2022-06-13
Saltwater,D5,2022-06-22T15:59:00Z,2022-06-22T20:14:00Z,611.3615485564357,16,3061,4.66,0.4,2022-06-22
Saltwater,D5,2022-06-22T15:59:00Z,2022-06-23T13:41:00Z,535.9310874856228,16,3061,8.04,0.82,2022-06-23
Saltwater,D5,2022-06-23T15:59:00Z,2022-06-24T16:15:00Z,458.10335739660593,26,2064,11.09,0.78,2022-06-24
Saltwater,D5,2022-07-14T15:20:00Z,2022-07-18T16:05:00Z,183.32772083157562,17,680,6.11,0.44,2022-07-18
Saltwater,D5,2022-08-05T16:55:00Z,2022-08-08T17:56:00Z,135.46078384684887,25,447,24.83,1.11,2022-08-08
Saltwater,D5,2022-10-17T19:40:00Z,2022-10-19T20:20:00Z,88.30138694093877,11,177,37.03,1.04,2022-10-19
Saltwater,D5,2022-11-25T17:45:00Z,2022-11-28T19:02:00Z,98.87275108175942,18,189,43.48,1.24,2022-11-28
Saltwater,D5,2023-01-30T16:30:00Z,2023-02-02T17:30:00Z,93.11464597478061,23,240,52.63,1.54,2023-02-02
Saltwater,D5,2023-04-14T13:48:00Z,2023-04-17T14:01:00Z,99.32868369351817,26,266,58,1.72,2023-04-17
Saltwater,D5,2023-06-05T15:59:00Z,2023-06-06T21:48:00Z,248.0493741307401,0,2602,4.14,0.29,2023-06-06
Saltwater,D5,2023-06-06T21:48:00Z,2023-06-07T13:25:00Z,447.36363636363825,14,2886,3.87,0.28,2023-06-07
Saltwater,D5,2023-06-07T13:25:00Z,2023-06-07T21:11:00Z,630.7608695652211,0,2992,4.04,0.32,2023-06-07
Saltwater,D5,2023-06-07T21:11:00Z,2023-06-08T18:35:00Z,493.9723695227167,13,2895,4.2,0.34,2023-06-08
Saltwater,D5,2023-06-12T13:27:00Z,2023-06-14T16:28:00Z,297.5157814193886,11,2075,7.68,0.44,2023-06-14
Saltwater,D5,2023-06-14T16:28:00Z,2023-06-17T15:22:00Z,263.7931371636607,10,1274,4.57,0.35,2023-06-17
Saltwater,D5,2023-06-23T16:45:00Z,2023-06-27T18:12:00Z,289.35780590711124,12,1870,3.52,0.28,2023-06-27
Saltwater,D5,2023-08-04T16:25:00Z,2023-08-07T14:44:00Z,124.0756791424305,9,445,19.92,0.66,2023-08-07
Saltwater,D5,2023-09-29T15:22:00Z,2023-10-02T15:23:00Z,85.70782722370895,5,314,23.07,0.75,2023-10-02
Saltwater,D5,2023-12-08T15:43:00Z,2023-12-11T16:58:00Z,94.28180901989893,14,376,32.69,0.98,2023-12-11
Saltwater,E3,2022-06-09T15:59:00Z,2022-06-13T15:59:00Z,82.69302081511111,0,284,9.96,1,2022-06-13
Saltwater,E3,2022-06-22T15:59:00Z,2022-06-22T16:47:00Z,575.5719063545151,16,2967,4.9,0.44,2022-06-22
Saltwater,E3,2022-06-22T15:59:00Z,2022-06-22T20:14:00Z,611.3615485564357,16,3061,2.78,0.17,2022-06-22
Saltwater,E3,2022-06-22T15:59:00Z,2022-06-23T13:41:00Z,535.9310874856228,16,3061,6.41,0.41,2022-06-23
Saltwater,E3,2022-06-23T15:59:00Z,2022-06-24T16:15:00Z,458.10335739660593,26,2064,7.79,0.46,2022-06-24
Saltwater,E3,2022-08-05T15:59:00Z,2022-08-08T15:59:00Z,135.65749324063788,25,447,18.85,0.73,2022-08-08
Saltwater,E3,2022-09-12T15:12:00Z,2022-09-15T15:58:00Z,83.04148126884016,11,262,26.22,0.97,2022-09-15
Saltwater,E3,2022-11-28T17:10:00Z,2022-12-01T17:46:00Z,100.5429179611092,21,191,37.11,1.15,2022-12-01
Saltwater,E3,2023-01-30T16:30:00Z,2023-02-02T17:30:00Z,93.11464597478061,23,240,40.1,1.33,2023-02-02
Saltwater,E3,2023-04-14T13:38:00Z,2023-04-17T14:16:00Z,99.30538922155843,26,266,42.35,1.35,2023-04-17
Saltwater,E3,2023-06-05T15:59:00Z,2023-06-06T20:58:00Z,233.92259721204067,0,2602,3.77,0.28,2023-06-06
Saltwater,E3,2023-06-06T20:58:00Z,2023-06-07T12:32:00Z,441.6816776188628,14,2829,3.82,0.29,2023-06-07
Saltwater,E3,2023-06-07T12:23:00Z,2023-06-07T21:03:00Z,627.3522686673666,0,2992,3.79,0.25,2023-06-07
Saltwater,E3,2023-06-07T21:03:00Z,2023-06-08T17:30:00Z,499.1144815516544,13,2895,4.38,0.38,2023-06-08
Saltwater,E3,2023-06-08T17:30:00Z,2023-06-12T12:55:00Z,379.4125551741794,11,1932,4.12,0.33,2023-06-12
Saltwater,E3,2023-06-12T12:55:00Z,2023-06-14T16:57:00Z,298.03138258049273,11,2075,5.14,0.3,2023-06-14
Saltwater,E3,2023-06-14T16:57:00Z,2023-06-17T14:57:00Z,263.690413285538,10,1274,5.16,0.33,2023-06-17
Saltwater,E3,2023-06-23T16:47:00Z,2023-06-27T17:39:00Z,289.420487373933,12,1870,3.6,0.25,2023-06-27
Saltwater,E3,2023-07-05T18:35:00Z,2023-07-07T14:38:00Z,201.81781642796278,7,933,4.3,0.31,2023-07-07
Saltwater,E3,2023-08-04T16:36:00Z,2023-08-07T14:25:00Z,124.09093006088887,9,445,8.31,0.41,2023-08-07
Saltwater,E3,2023-08-07T15:59:00Z,2023-08-10T15:59:00Z,125.31574543256868,10,537,29.26,1,2023-08-10
Saltwater,F4,2022-06-22T15:59:00Z,2022-06-22T20:14:00Z,611.3615485564357,16,3061,10.66,0.53,2022-06-22
Saltwater,F4,2022-06-23T15:59:00Z,2022-06-24T16:15:00Z,458.10335739660593,26,2064,14.84,0.64,2022-06-24
Saltwater,F4,2022-07-14T15:20:00Z,2022-07-18T16:05:00Z,183.32772083157562,17,680,7.66,0.62,2022-07-18
Saltwater,F4,2022-08-05T16:55:00Z,2022-08-08T17:56:00Z,135.46078384684887,25,447,33.7,1.19,2022-08-08
Saltwater,F4,2023-01-30T16:30:00Z,2023-02-02T17:30:00Z,93.11464597478061,23,240,20.21,1.72,2023-02-02
Saltwater,F4,2023-06-23T16:49:00Z,2023-06-27T17:55:00Z,289.3357609837534,12,1870,6.51,0.36,2023-06-27
Saltwater,F4,2023-08-07T14:32:00Z,2023-08-10T15:53:00Z,125.09256469944836,10,537,37.24,1.23,2023-08-10
Saltwater,F6,2022-06-09T15:59:00Z,2022-06-15T15:59:00Z,84.32195702964266,0,286,13.87,0.88,2022-06-15
Saltwater,F6,2022-06-22T15:59:00Z,2022-06-22T16:47:00Z,575.5719063545151,16,2967,10.4,0.57,2022-06-22
Saltwater,F6,2022-06-22T15:59:00Z,2022-06-22T20:14:00Z,611.3615485564357,16,3061,5.09,0.36,2022-06-22
Saltwater,F6,2022-06-22T15:59:00Z,2022-06-23T13:41:00Z,535.9310874856228,16,3061,5.3,0.52,2022-06-23
Saltwater,F6,2022-06-23T15:59:00Z,2022-06-24T16:15:00Z,458.10335739660593,26,2064,5.81,0.39,2022-06-24
Saltwater,F6,2022-07-14T15:20:00Z,2022-07-18T16:05:00Z,183.32772083157562,17,680,4.94,0.41,2022-07-18
Saltwater,F6,2022-08-05T16:55:00Z,2022-08-08T17:56:00Z,135.46078384684887,25,447,12.87,0.66,2022-08-08
Saltwater,F6,2022-09-09T14:40:00Z,2022-09-12T15:20:00Z,69.52129846536334,6,214,13.25,0.61,2022-09-12
Saltwater,F6,2022-10-17T19:40:00Z,2022-10-19T20:20:00Z,88.30138694093877,11,177,44.55,1.46,2022-10-19
Saltwater,F6,2022-11-25T17:45:00Z,2022-11-28T19:02:00Z,98.87275108175942,18,189,42.99,1.39,2022-11-28
Saltwater,F6,2023-01-30T16:30:00Z,2023-02-02T17:30:00Z,93.11464597478061,23,240,42.55,1.45,2023-02-02
Saltwater,F6,2023-04-14T13:54:00Z,2023-04-17T14:06:00Z,99.3309102815975,26,266,42.05,1.4,2023-04-17
Saltwater,F6,2023-05-12T15:06:00Z,2023-05-15T19:59:00Z,89.37913236639348,20,167,50.96,1.67,2023-05-15
Saltwater,F6,2023-06-12T13:22:00Z,2023-06-14T16:42:00Z,297.4834336394759,11,2075,4.09,0.34,2023-06-14
Saltwater,F6,2023-06-23T16:56:00Z,2023-06-27T18:02:00Z,289.3407118645245,12,1870,3.83,0.3,2023-06-27
Saltwater,F6,2023-07-05T18:30:00Z,2023-07-07T14:50:00Z,201.8606438515232,7,933,4.3,0.35,2023-07-07
Saltwater,F6,2023-08-04T16:28:00Z,2023-08-07T14:37:00Z,124.08452320828854,9,445,9.42,0.43,2023-08-07
Saltwater,F6,2023-09-29T19:25:00Z,2023-10-02T15:16:00Z,85.57527999077215,5,314,30.33,1.11,2023-10-02
Saltwater,F6,2023-11-13T16:52:00Z,2023-11-16T16:48:00Z,77.29912875120809,5,274,20.01,0.93,2023-11-16
Saltwater,F6,2023-12-05T15:46:00Z,2023-12-08T15:49:00Z,92.0094429304735,14,293,38.61,1.23,2023-12-08
Saltwater,F6,2023-12-08T15:49:00Z,2023-12-11T17:02:00Z,94.29778253749032,14,376,34.86,1.09,2023-12-11
Saltwater,H3,2022-06-09T15:59:00Z,2022-06-15T15:59:00Z,84.32195702964266,0,286,20.06,0.06,2022-06-15
Saltwater,H3,2022-06-22T15:59:00Z,2022-06-22T20:14:00Z,611.3615485564357,16,3061,6.53,0.57,2022-06-22
Saltwater,H3,2022-06-23T15:59:00Z,2022-06-24T16:15:00Z,458.10335739660593,26,2064,5.83,0.49,2022-06-24
Saltwater,H3,2022-07-18T15:59:00Z,2022-07-21T15:59:00Z,154.3397435897382,23,471,86.27,2.94,2022-07-21
Saltwater,H3,2022-08-08T15:59:00Z,2022-08-11T15:59:00Z,127.2723707147041,21,338,83.08,2.97,2022-08-11
Saltwater,H3,2022-09-12T15:12:00Z,2022-09-15T15:58:00Z,83.04148126884016,11,262,86.81,2.78,2022-09-15
Saltwater,H3,2022-10-17T19:40:00Z,2022-10-19T20:20:00Z,88.30138694093877,11,177,109.2,4.39,2022-10-19
Saltwater,H3,2022-11-25T17:45:00Z,2022-11-28T19:02:00Z,98.87275108175942,18,189,35.85,1.08,2022-11-28
Saltwater,H3,2023-02-02T15:40:00Z,2023-02-06T15:55:00Z,90.53564414768452,23,246,24.3,0.95,2023-02-06
Saltwater,H3,2023-05-12T17:47:00Z,2023-05-15T20:05:00Z,89.39001823461894,20,167,24.18,0.84,2023-05-15
Saltwater,H3,2023-06-23T16:52:00Z,2023-06-27T17:29:00Z,289.43289379531296,12,1870,4.37,0.31,2023-06-27
Saltwater,H3,2023-08-07T15:59:00Z,2023-08-10T15:59:00Z,125.31574543256868,10,537,40.67,1.35,2023-08-10
Saltwater,H3,2023-09-29T15:28:00Z,2023-10-02T14:55:00Z,85.72442542922302,5,314,53.81,1.86,2023-10-02
Saltwater,H3,2023-12-05T15:57:00Z,2023-12-08T17:13:00Z,91.98610851555125,14,293,26.05,0.79,2023-12-08
Saltwater,H6,2022-06-22T15:59:00Z,2022-06-22T16:47:00Z,575.5719063545151,16,2967,7.25,0.37,2022-06-22
Saltwater,H6,2022-06-22T15:59:00Z,2022-06-22T20:14:00Z,611.3615485564357,16,3061,15.52,1.65,2022-06-22
Saltwater,H6,2022-06-22T15:59:00Z,2022-06-23T13:41:00Z,535.9310874856228,16,3061,7.4,0.39,2022-06-23
Saltwater,H6,2022-06-23T15:59:00Z,2022-06-24T16:15:00Z,458.10335739660593,26,2064,10.3,0.71,2022-06-24
Saltwater,H6,2022-08-05T16:55:00Z,2022-08-08T17:56:00Z,135.46078384684887,25,447,38.01,1.29,2022-08-08
Saltwater,H6,2022-09-12T15:12:00Z,2022-09-15T15:58:00Z,83.04148126884016,11,262,45.66,1.45,2022-09-15
Saltwater,H6,2022-10-17T19:40:00Z,2022-10-19T20:20:00Z,88.30138694093877,11,177,27.6,0.89,2022-10-19
Saltwater,H6,2022-11-25T17:45:00Z,2022-11-28T19:02:00Z,98.87275108175942,18,189,28.31,0.91,2022-11-28
Saltwater,H6,2023-01-30T16:30:00Z,2023-02-02T17:30:00Z,93.11464597478061,23,240,19.65,0.76,2023-02-02
Saltwater,H6,2023-04-14T15:59:00Z,2023-04-17T15:59:00Z,99.42805519053815,26,266,36.41,1.08,2023-04-17
Saltwater,H6,2023-05-12T17:36:00Z,2023-05-15T20:15:00Z,89.37875428341076,20,167,27.36,0.67,2023-05-15
Saltwater,H6,2023-06-07T20:34:00Z,2023-06-08T17:49:00Z,501.09313449632606,12,2926,4.39,0.39,2023-06-08
Saltwater,H6,2023-06-08T15:59:00Z,2023-06-12T15:59:00Z,379.6494858212777,11,1975,5.19,0.42,2023-06-12
Saltwater,H6,2023-06-12T13:17:00Z,2023-06-14T17:18:00Z,297.2068296953716,11,2075,5.28,0.3,2023-06-14
Saltwater,H6,2023-06-23T16:55:00Z,2023-06-27T17:17:00Z,289.50889048146917,12,1870,4.82,0.26,2023-06-27
Saltwater,H6,2023-08-07T14:06:00Z,2023-08-10T16:26:00Z,124.98932865055629,10,537,49.79,1.55,2023-08-10
Saltwater,I5,2022-06-09T15:59:00Z,2022-06-13T15:59:00Z,82.69302081511111,0,284,14.77,1.28,2022-06-13
Saltwater,I5,2022-06-22T15:59:00Z,2022-06-22T20:14:00Z,611.3615485564357,16,3061,11.85,1.25,2022-06-22
Saltwater,I5,2022-06-22T15:59:00Z,2022-06-23T13:41:00Z,535.9310874856228,16,3061,15.07,1.9,2022-06-23
Saltwater,I5,2022-06-23T15:59:00Z,2022-06-24T16:15:00Z,458.10335739660593,26,2064,15.9,1.5,2022-06-24
Saltwater,I5,2022-07-14T15:20:00Z,2022-07-18T16:05:00Z,183.32772083157562,17,680,15.02,1.07,2022-07-18
Saltwater,I5,2022-08-05T16:55:00Z,2022-08-08T17:56:00Z,135.46078384684887,25,447,20.27,0.82,2022-08-08
Saltwater,I5,2023-02-02T15:40:00Z,2023-02-06T15:55:00Z,90.53564414768452,23,246,85.4,3.13,2023-02-06
Saltwater,I5,2023-06-07T11:58:00Z,2023-06-07T20:45:00Z,626.130129779035,0,2992,11.37,0.72,2023-06-07
Saltwater,I5,2023-08-04T15:59:00Z,2023-08-07T15:59:00Z,123.92021133698358,9,446,18.75,1.55,2023-08-07
Saltwater,I5,2023-08-07T14:12:00Z,2023-08-10T16:14:00Z,125.01705110808363,10,537,48.78,1.45,2023-08-10
